title_si,title_en,singer_si,singer_en,lyricist_si,lyricist_en,composer_si,composer_en,lyrics,metaphor,source_domain,target_domain,interpretation
අහසයි ඔබ මට,Ahasai Oba Mata,සුනිල් එදිරිසිංහ,Sunil Edirisinghe,බන්ධුල නානායක්කාර,Bandula Nanayakkare,රෝහණ වීරසිංහ,Rohana Weerasinghe,අහසයි ඔබ මට නිම් හිම් නොපෙනෙන ඉණිමං බඳිනු බැරී පොළොවයි ඔබ මට තරුවක් විලසට රෑ කල පතිත වෙමි //  ගඟේ වතුර නෑ ඉහලට ගලා ගියේ අසිනි හඬින් නෑ කඳු බිම් සසල උනේ ගඟ කවදා හෝ මුව දොර හමු වෙනවා ලොව කැලඹුණු දා කඳු බිම් හැකිලෙනවා  අහසයි ඔබ මට...  අනාත සයුරට වැහි දිය දෝත ඔබයි අගාධ අඳුරක දුල රන් සිළුව ඔබයි ඔබ මට ලඟ බව ඉඳුරා මම දනිමී ඔබ වට කහවනු පවුරට මහ දුරකී  අහසයි ඔබ මට... //,අහසයි ඔබ;පොළොවයි ඔබ,අහස;පොළොව,ඔබ;ඔබ,ඔබ අහසක් වගේ මා හට ළඟා කර ගැනීමට නොහැක;මා තරුවක් නම් පොළොව අහසට දුරස් සේ ඔබට ළං වීමට නොහැක
හදේ කොතැනක,Hade Kothanaka,සුනිල් එදිරිසිංහ,Sunil Edirisinghe,කුමාරදාස සපුතන්ත්‍රි,Kumaradasa Saputhanthri,රෝහණ වීරසිංහ,Rohana Weerasinghe," හදේ කොතැනක හෝ හිඳී ඔබ නිදා නොනිදා මෙන් බලා අවසර සොයා කල් දැන වෙලා හස රැහැනින් පෙළයි මා, මුදා සුව දැහැනින් //  සයුර ඉම රත් සිතිජ රේඛාවේ මියෙන හිරු සේ ගිලී ගිම් අඳුරේ තලා මා සිත පලා ගිය ඔබ දවයි මා….හද, තනිවෙනා මොහොතින්  හදේ කොතැනක...  උතුම් පිවිතුරු ප්‍රේමයේ නාමෙන් සහස් සුවහස් පැතුම් බල මහිමෙන් ඉනූ කඳුලද සිඳෙන්නට පෙර යදින්නම්…. ඔබ, මැකී යනු මතකෙන්  හදේ කොතැනක… ",සයුර ඉම රත් සිතිජ රේඛාවේ මියෙන හිරු සේ ගිලී ගිම් අඳුරේ තලා මා සිත පලා ගිය ඔබ දවයි මා,මියෙන හිරු,මගේ සිත,බැසයන හිරු ලෝකයක් අඳුරේ ගිල්වා යන්නාක් මෙන් ඔබ මා සිත වේදනාවේ ගිල්වා නික්ම යයි
අම්මා සඳකි,Amma Sandaki ,ටී.එම්.ජයරත්න,T.M.Jayarathna,"
මාලිනී ජයරත්න",Malini Jayarathna,රෝහණ වීරසිංහ,Rohana Weerasinghe,අම්මා සඳකි මම ඒ ලොව හිරුය රිදී ඒ ඉර හදෙන් නුඹෙ ලෝකය එළිය වුනි රැකුමට පුතුන් දිවියේ දුක් ගැහැට විදී පිය සෙනෙහසට කව් ගී ලියැවුනා මදී සිරුරේ දුවන්නේ මගෙ ලේ නොවැ පුතුනේ කුසයේ නොදැරුවත් දිවි බර මට රැදුනේ මහ මෙරකට උසයි දරු පෙම හදපතුලේ පුදුමයි පුතුනි කිම මගෙ ලේ කිරි නොවුනේ මවකට මුවාවී නුඹවෙත දිවි දුන්නේ මම වෙමි පුතුනි එය මා පමණයි දන්නේ පියසෙනෙහස නැතිද දරුවනි හදුනන්නේ අම්මාවරුන් පමණද මතු බුදු වන්නේ ,අම්මා සඳකි,සඳ,අම්මා,අම්මා සඳක් මෙන්  ජීවිත එළිය කරයි
පැන මඩ කඩිති,Pana Mada Kadithi,සුනිල් එදිරිසිංහ,Sunil Edirisinghe,මහින්ද චන්ද්රසේකර,Mahinda Chandrasekara,රෝහණ වීරසිංහ,Rohana Weerasinghe,පැන මඩ කඩිති වැව් තාවලු වැහි කාලේ පෙන්නා මග නොමග නොවැටී යන තාලේ සිප් කිරි පෙවූ මූසිලයින් උඩු මාලේ අපෙ ගුරුතුමා යයි තාමත් ඉස්කෝලේ  සාමා අමර විකුණති බස් පොළේ කජු කුමාරෝද පිටු දන් දෙති එයින් මතු උගත මනා ශිල්පය පිල් කඩ නොපැතූ වේවැල වටා ඉකිබිඳ දඬුවමක් පැතූ  රන්මසු පටපිළී අබරණ උරණ වෙලා සමන්පිච්ච කැකුළිය ගෙයි මිලින වෙලා ගුරු නිවහනේ කඳුලට උල්පතක් වෙලා ලොකු හාමිනේ ඇත බිතු සිතුවමක් වෙලා  පැන මඩ කඩිති වැව් තාවලු ...,සිප් කිරි පෙවූ මූසිලයින් උඩු මාලේ අපෙ ගුරුතුමා යයි තාමත් ඉස්කෝලේ,මූසිලයින්,ගුරුතුමා,මට අපේ ගුරුතුමා ළමයින්ට දැනුම මැනවින් පොවනා මූසිලයන් ඇදුරු තුමා වැනිය
මිනිසකු පිට නැගී අසරුවෙකි,Miniseku Pita Nagi Asaruweki,සුනිල් එදිරිසිංහ,Sunil Edirisinghe,ප්‍රේමකීර්ති ද අල්විස්,Premakeerthi da Alwis,එච්. එම්. ජයවර්ධන,H.M. Jayawardane,"මිනිසකු පිට නැගී අසරුවෙකි
ඒ බර ගෙයි වහලට බරකි
පාන්දරින් පැරදුන ඒ මිනිහා
හැන්දෑවෙත් අසු පිටට නගී....

හෙට මම ගෙදරට සුර සැප දෙනවා
අද රෑ ලුණුමිරිසෙන් ගතවෙනවා
කාසි මල්ල සතෙකුගේ පිට යනවා
දු දරුවන් පැදුරේ නිදියනවා....

ඉරණම විසදුම සතෙකුට දෙනවා
තිරිසනෙකුට මිනිසකු පරදිනවා
දරුවන් බිරිදත් ගිනි උහුලනවා
හීනෙන් නුබ තව ගෙවල් හදනවා",ඒ බර ගෙයි වහලට බරකි,ගෙයි වහල,ජීවන බර,මිනිසෙකු සූදුවට ඇබ්බැහි වීම නිසා සිදුවන ධන මුදල් හානියේ ප්‍රතිඵලය නිවසේ ජීවන බරට දැනේ
දෙවැනි බුදුන් ලෙස,Dewani Budhun Lesa,සුනිල් එදිරිසිංහ,Sunil Edirisinghe,සුනිල් ආරියරත්න,Sunil Ariyarathne,රෝහණ වීරසිංහ,Rohana Weerasinghe,දෙවැනි බුදුන් ලෙස ලොවම උවම් කල ලොවක පිදුම් ලද ලොවට උතුම් ලඳ අම්මා.....අම්මා.....  දෙසවන් සනහා මා නැලවූ ඔබ මියුරු මියැසියේ අරුත කියා දුනි ඒ මියැසිය අද මා ගයනා විට මා සිපගන්නට ඔබ මා ලඟ නැත අම්මා....අම්මා.....  ඇසට හඬන්නට කඳුලැලි දුන් ඔබ ලතැවුල් දරනා දිරිය ලබා දුනි ඒ දිරියෙන් ලොව ජය ලබනා විට මා සිපගන්නට ඔබ මා ලඟ නැත අම්මා....අම්මා.....  දෙවැනි බුදුන් ලෙස...,දෙවැනි බුදුන් ලෙස ලොවම උවම් කල ලොවක පිදුම් ලද ලොවට උතුම් ලඳ අම්මා.,දෙවෙනි බුදුන්,අම්මා,මිනිසුන්ව යහ මග ගෙනයන සිත් සනසන දෙවෙනි බුදුවරයෙක් වැනිය අම්මා
ලෙන්චිනා මගෙ නංගියේ,Lenchina Mage Nangiye,සුනිල් එදිරිසිංහ,Sunil Edirisinghe,රත්න ශ්‍රී විජේසිං,Rathan Sri Wijesinghe,රෝහණ වීරසිංහ,Rohana Weerasinghe,ලෙන්චිනා මගෙ නංගියේ ඇයි ගංතෙරට වී ගොම්මනේ //  පෙත්තරේ ලඟ පැන් තොටේ ගම්මානයේ පව් සෝදනා රත්තරන් වී කළු වලාකුළු චන්ද්‍රයා සේ පායලා ලෙන්චිනා ඇති වැඩ කලා දැන් ගෙදර යං කළුවර වුණා  ලෙන්චිනා මගෙ... //  පින්වතුන් කැල ඇන්ද සළුපිලි සේදුවා නුඹ සේදුවා තාම නෑ කිලිකුණු ගිහින් ඒ කිම්ද නොදැනේ කාරණා සේදිලා පරිශුද්ධ වීමෙන් යුග දෑත් නුඹෙ බබලනා  ලෙන්චිනා මගෙ...//,ලෙන්චිනා මගෙ නංගියේ ඇයි ගංතෙරට වී ගොම්මනේ,ගොම්මන,අඳුරු තමන්ගෙ උරුමය,ලෙන්චිනා හැමදාමත් මේ විදියට දුක් ගැහැට විඳිමින් අඳුරට වී වැඩ කරන්නෙ ඒක තමන්ගෙ උරුමය හෝ  කරුමය ලෙස සලකමින්.ඒ අඳුරෙම ඉන්නෙ ඇයි? අඳුරෙන් මිදී එන්න
වෙරළු ගෙඩිය,Weralu Gediya,සුනිල් එදිරිසිංහ,Sunil Edirisinghe,වසන්ත කුමාර කොබවක,Wasantha Kumara Kobawaka,වික්ටර් රත්නායක,Victor Rathnayake,වෙරළු ගෙඩිය හරි අටකට කපා ගෙන කොටහක් නොකා දෙගුරුන්ටත් තබාගෙන උන් අපි එදා සත් කුළු පව් විලාසෙන පැල ඉනි වැටට ඇයි අද ඇණ කොටා ගෙන  පොඩි උන් දොහේ මල් මතකය ඉරාගෙන හොඳ හිත ගිහින් උඩු හුලඟට ගසාගෙන // මහගෙයි බිමට තනි උරුමය කියාගෙන සතුරන් වෙලා උනුනට දෙස් තියාගෙන  වෙරළු ගෙඩිය...  තිරිසන් උනෝතින් කිසි හව්හරණ නැති ලන්දක කකා ලන්දක කල් යල් හරිති // එක මිහි සයන කාටත් නිදි සුවය දෙති බිම් පංගුවට ලොල් වී මළගම් නොයති  වෙරළු ගෙඩිය...,මල් මතකය,මල,මතකය,පුංචි අවධියේ මතකය මලක් වගේ සුන්දරයි ලස්සනයි
සුවඳයි මුවේ මල් පැණි,Suwandai Muwe Mal Pani,එච්. ආර්. ජෝතිපාල,H.R.Jothipala,ඇලෝයි ගුණවර්ධන,Aloy Gunawardhana,Unkown,Unkown,"සුවඳයි මුවේ මල් පැණි
නෙතඟින් හැලේ නිල්මිණි
මා ජීවිතේ පණ වැනී 
නැළවෙන් දුවේ රෝෂිනී
අම්ම නුඹේ කිරට ගියා 
කිරි එරවා එන්න ගියා 
කිරි මුට්ටිය ගඟේ ගියා 
ගඟට උඩින් කොක්කු ගියා
අතට වෙරළු ඇහිඳ ගෙනේ
ඉනට පලා නෙලා ගෙනේ
බරටම දර කඩා ගෙනේ
එයි අම්මා විගසකිනේ",සුවඳයි මුවේ මල් පැණි,මල් පැණි,මුවින් පිටවන වදන්,මුවින් පිටවන වදන් මී පැණි මෙන් මිහිරි හොඳ වදන් වේ
නින්ද නේන රාත්‍රියේ,Ninda Neena Rathriyee,එච්. ආර්. ජෝතිපාල,H.R.Jothipala,අජන්තා රණසිංහ,Ajantha Ranasinghe,සරත් ද අල්විස්,Sarath de Alwis,"හෝ  හෝ හෝ හෝ……
නින්ද නේන රාත්‍රියේ මේ පාළු කාන්සියේ
පායා අරුන්දතී තරුවෙන් එන්න කාන්තියේ 
නින්ද නේන රාත්‍රියේ
කුමුදු කුමාරියේ ඔබ නිදනා යහන් තලේ
කවුළුව සමීපයේ මම ඉන්නම් පවන් දැලේ
ඉඳුනිල් නුවන් පියා සැතපෙම්
රෑ නිසංසලේ
අරුණෝදයේ ඔබේ නෙතු සඟළේ කැලුම් සලා
සූරිය පෙරම්බරේ දිනු අයුරින් සිනාසිලා
සෙනෙහේ විජිණි පතින් සනහන්
මට පවන් සලා
",ඉඳුනිල් නුවන්,ඉඳුනිල්,නුවන්,ඉන්ද්‍රනීල මැණික් මෙන් ඇස්
මේ තරම් සියුමැලිද කළු ගල්,Mee Tharam Siyumalida Kalu Gal,සුනිල් එදිරිසිංහ,Sunil Edirisinghe,රජී වෙල්ගම,Rajee Welgama,දර්ශන රුවන් දිසානයක,Darshana Ruwan Disanayake,මේ තරම් සියුමැලිද කළු ගල් හිතන්නටවත් බැරි නිසා මම ගියා අවුකන බුදුන්ටත් දෑස් දුන් මිනිසා සොයා //  කලා වැව ලඟ ඉලුක් හෙවනක මැටි පිලක පැදුරක් එලා රිදුම් පිරිමදිමින් බලයි ඔහු මැරෙන ඉපදෙන රළ දිහා  ඉසුරුමුණියේ නුඹ තැනූ පෙම්බරිය කොතැනද කියා මා ඇසූ විට හිනැහුණා ඔහු තවම තනිකඩයැයි කියා //,මේ තරම් සියුමැලිද කළු ගල්,කළු ගල්,නිර්මාණ ශිල්පියාගෙ සිත,ඉතා දුෂ්කර නිර්මාණ කරන කළු ගල් ශිල්පියාගෙ සිත කොහොමද සියුමැලි  උනේ
අවපස අහසක,Awapasa Ahasaka,සුනිල් එදිරිසිංහ,Sunil Edirisinghe,කුලරත්න ආරියවංස,Kularathna Ariyawansha,රෝහණ වීරසිංහ,Rohana Weerasinghe,අවපස අහසක තරු ලකුණක් සේ අපමණ සයුරක තුරු දසුනක් සේ දිගු දිවි ගමනේ..ඉම ඔබ රැඳුණේ //  මාවත අවහිර නිමවා දළ රළ පෙල සැතපෙනවා සැළමුතු සෙනෙහස මඳ පවනක් වී ගැඹරේ නිම මුමුණනවා  අවපස අහසක...  දෝතක අසෙනිය ගවසා ඔබ පෙරමඟ හිනැහෙනවා විකසිත සිහිනේ සුබ කවියක් වී දෙනෙතේ සිත ලියැවෙනවා  අවපස අහසක... //,සැළමුතු සෙනෙහස මඳ පවනක් වී ගැඹරේ නිම මුමුණනවා,මද පවන,සෙනෙහස,මද පවනක් අහසේ මුමුණන්නාක් මෙන් ඔබේ ආදරය මගේ සිතේ සක්මන් කරයි
මහ වැස්සක් බිමට හලා,Maha Wassak Bimata Hala,සුනිල් එදිරිසිංහ,Sunil Edirisinghe,සුනිල් දයානන්ද සේකර,Sunil Dayanada Sekara,සුනිල් දයානන්ද සේකර,Sunil Dayanada Sekara,මහ වැස්සක් බිමට හලා නිදහස් වූ අහසක් සේ ඔබ නිසොල්මනේ එපා හිඳින්න ඔබේ නිහඬ බව මට බෑ දරාන ඉන්න අනේ තව ටිකකින් හිනාවෙලා කථා කරන්න ඔබේ නිහඬ බව මට බෑ දරාන ඉන්න  විරසක සුසුම් මහගෙයි පුරා ඇසෙන්නේ කවුළු දොරින් ගෙට එන නිදි නැති අටවක සඳ තනි යහනේ සරදම් රටා වියන්නේ  මහ වැස්සක්...  විස කටු ඇනී ආතුර වූ සිතට ඔබේ ඔබ මට කියා දුන්න සෙත් කවියක් කියන්න නිවැරදි මිනිසුන් කොයි දෙසද ඉපදුණේ  මහ වැස්සක්...,මහ වැස්සක් බිමට හලා නිදහස් වූ අහසක් සේ ඔබ,මහ වැස්ස,ඔබ,මහ වැස්සකට පසු ඇතිවෙන පරිසරයේ නිසොල්මන් බව වගෙයි ඔබේ නිහඬ බව
අහස පොළව,Ahasa Polawa,සුනිල් එදිරිසිංහ,Sunil Edirisinghe,යමුනා මාලිනී පෙරේරා,Yamuna Malini Perera,රෝහණ වීරසිංහ,Rohana Weerasinghe,අහස පොළව වටපිටාව හරිම හිස්තැනක් ගහක් කොලක් දියක් නොමැති කාන්තාරයක් ඇදී එන්න ඒ මොහොතේ හඬා වැටෙන හද මඬලට ඔබයි මමයි ඉන්නා තැන කොහෙද තනිකමක් නැහැනෙ තනිකමක්...  කණක මිණක තරුවක රුව නොපෙණුනි ඔබ දකින තුරා ලොවක සිරිය නොදුටිමි මා ඔබෙ සෙනෙහස ලබන තුරා  අහස පොළව...  විලක දොලක සුව නොලදිමි ඔබ මා හා රැඳෙන තුරා මලක සුවඳ ඇත මසිතේ ඔබ මා ලඟ සිටින තුරා  අහස පොළව...,මලක සුවඳ ඇත මසිතේ ඔබ මා ලඟ සිටින තුරා,මලක සුවඳ,ඔබ,ඔබේ සොඳුරු මතකයන් මලක සුවඳ මෙන් මිහිරිය
චන්ද්‍ර මණ්ඩලේ,Chandra Mandale,සුනිල් එදිරිසිංහ,Sunil Edirisinghe,"
රත්න ශ්‍රී විජේසිංහ",Rathna Sri Wijesinghe,රෝහණ වීරසිංහ,Rohana Weerasinghe,චන්ද්‍ර මණ්ඩලේ සැතපුණ පුංචි සාවියේ මන්ද කියාපන් නොකියා හැංගිලා ගියේ පාන නිවුන සේ පාළුයි ලැයිම් කාමරේ මන්ද නුඹ ගියේ කියපන් පුංචි සාවියේ  ලාබ රත්තරන් දිලිසෙන පාළු වීදියේ ගෑනු ළමයි පියාඹලා ඉස්සරත් ගියේ උන්ට සෙයිලමේ මඟතොට පාර වැරදුණේ අන්න ඒ නිසයි මට දුක රත්තරන් දුවේ  මාල බැඳන් සුදු යකඩෙන් රෝස මල් වනේ මාල ගිරව් ගේ දොරකඩ සිංදු කිව් වෙලේ හීනෙනුත් හිතුනෙ නෑ මට මොකද කාරණේ පාර මතක නං තාමත් ගේ ලඟයි දුවේ,චන්ද්‍ර මණ්ඩලේ සැතපුණ පුංචි සාවියේ,සඳේ සාවා,"
අහිංසක දරුවන්",සඳයි හාවයි වෙන් නොවන්නාක් මෙන් අහිංසක දරුවන්
රන් සමනලයෝ,Ran Samanalayoo,සුනිල් එදිරිසිංහ,Sunil Edirisinghe,ප්‍රේම කීර්ති ද අල්විස්,Prema Keerthi de Alwis,සරත් ද අල්විස්,Sarath de Alwis," රන් සමනලයෝ පුංචි කැකුලියෝ දේදුන්නේ නැඟිලා // මීදුම් සළුවේ, තුරු මල් උයනේ කොයි යන්නේ පියඹා රන් සමනලයෝ පුංචි කැකුලියෝ දේදුන්නේ නැඟිලා  පෙම්බර ආල හිතේ ගී නොවෙදෝ ගැයුවේ මොළකැටි බාල වියේ ඒ හුරතල් කොතැනේ මව් දෑතින් මිදුණාදෝ යෞවනයේ මත් වීදෝ  රන් සමනලයෝ පුංචි කැකුලියෝ දේදුන්නේ නැඟිලා //  ලද මනමාල හිතේ ආදරයේ සුවඳේ තව නොදිටීද ලොවේ ජීවිතයේ අරුමේ මල් යහනා පැතුවාදෝ ඒ යහනා හමුවේදෝ ", රන් සමනලයෝ පුංචි කැකුලියෝ දේදුන්නේ නැඟිලා, රන් සමනලයෝ,පුංචි දරුවන්,පුංචි දරුවන්  රන් සමනලයින් මෙන්  අහිංසකයි
ඈ නුවන් තාරකා දල්වා,Aa Nuwan Tharaka Dalwa,ටී.එම්.ජයරත්න,T.M.Jayarathna,ප්‍රේම කීර්ති ද අල්විස්,Prema Keerthi de Alwis,වික්ටර් රත්නායක,Victor Rathnayake,"ඈ නුවන් තාරකා දල්වා වෙන්වී ගියා නෑ ආදරේ ඈ සිතේ මා තරම් // ලංවී පෙමින්මං මත් කර ඈ හැඟම්පා වී ගියා මීදුම් කඳුළක් ලෙසින්නෑ  ආදරේ ඈ සිතේ මා තරම්
ඈ නුවන් තාරකා ..සුන් වූ හදින් පැතුමන් බොඳ වූ ලොවින් ආයේ දැනෙයි සුවඳක් සිරුරේ ඇගෙන් නෑ ආදරේ ඈ සිතේ මා තරම් ඈ නුවන් තාරකා ...........",ඈ නුවන් තාරකා දල්වා ,තරු,ඇගේ ඇස්,ඇගේ ඇස් අහසේ පායන තාරකා මෙන් දීප්තිමත්
සදකඩපහණක,Sandakada Pahanaka,සුනිල් එදිරිසිංහ,Sunil Edirisinghe,"
වොලි නානායක්කාර",Voeli Nanayakkara,වික්ටර් රත්නායක,Victor Rathnayake,සදකඩපහණක කැටයම් ඔපලා පාවෙන දේදුණු ලැගුම් ගනී කැලතුනු රසයක පැන ආ බුබුලක් අකුරු වැලක් දෙහදක ලියැවේ යුගයෙන් යුගයට නොමියන දහනක දිවියක පදනම මතුවෙද්දී නොපෙනෙන ඈතට ඈ ගෙන යනවා සියුමැලි කැකුලක් මැළවෙද්දී//  දහසක් පෙති මත රහසක් කොඳුරා තුඩින් තුඩට ගෙන යන බින්දූ අහසත් ගුගුරා කලුවක් වපුරා ඒ හා මුහුවුණු වැහි බින්දු ඈ ගෙන යද්දී නටඹුන් අතරට තවකෙක් ඈ වෙත හද රැන්දූ//  හදවිල ඉපැදුණු කැකුලක් නොකලත නටුවෙන් ගලවා දුරක යවා මිහිලිය තෙත් කොට ගිලිහුණු කඳුළක් සත්සමුදුරකට මුසුව ගියා ඔබට උරුම වූ තැවුනු දැවුණු හද එක්ටැම් මැදුරක කවුළු අරා රුවන් විමානෙන් පියඹා එනතුරු පොපියන හදවත සිටී බලා//,සදකඩපහණක කැටයම් ඔපලා පාවෙන දේදුණු ලැගුම් ගනී,සදකඩපහණ,ස්ථිර ආදරය,සඳකඩපහණක කැටයම්  ස්ථීර සේම ස්ථිර යැයි සිතූ ප්‍රේමය පාවෙන දේදුන්නක් තරමටම වෙනස් වන සිතුවිල්ලක් පමණකි.
රන් මලක් ලෙස,Ran Malak Lesa,සුනිල් එදිරිසිංහ,Sunil Edirisinghe,කුමාරදාස සපුතන්ත්‍රී,Kumaradaasa Saputhanthri,රෝහණ වීරසිංහ,Rohana Weerasinghe,ආ..ආ...ආ...  රන් මලක් ලෙස දෙව් බඹුන් දෝතින් පිදූ මේ පින්බිමේ පස් පිඩක් ගිලිහී නොයන්නට රන් වැටක් ඇත සිව්කොනේ නෙත් පුරා එක හීනයේ මුළු ලෝකයා නිදනා රැයේ දේශයේ මුර දේවතා එළි රෑ පුරා දැල් වී තිබේ ආ..ආ...ආ... ලෙහි හොවා වැඩු සිය පුතුන් අත අවි දරා වැද රණ මතින් දෑ විකුම් වැද දෑ බැතින් හිස අත් මුදුන් දෙති පියවරුන් මව්බිමේ හිමිකම් පතා තම දිවි පිදූ කළ ඒ පුතුන් තුන් හෙළේ හැම මව්වරුන් ළය කිරිපෙවී ඇත උන් නමින් ආ..ආ...ආ... මව් කුසින් නොව දෙව් කුසින් සිරිලක උපන් විරු දරුවනේ අපි ඔබෙන් නව පණ ලබා මෙහි යළි උපන්නෙමු අද දිනේ නෑසියන් සොයුරන් ඔබේ අද දූ පුතුන් හැම මේ බිමේ හදවතින් අපි යුද බිමෙහි ඔබ තනිකළේ නැත කිසි දිනේ,දේශයේ මුර දේවතා එළි රෑ පුරා දැල් වී තිබේ,දේශයේ මුර දේවතා එළි ,ආරක්ෂාව,දේශය ආරක්ෂා කරන්නට දේවතා එළි මෙන් දවසපුරා යුධ වදින හමුදාව
සොදුරු අතීතයේ,Sonduru Athethaye,ටී.එම්.ජයරත්න,T.M.Jayarathna,"
මාලිනී ජයරත්න",Malini Jayarathna,රෝහණ වීරසිංහ,Rohana Weerasinghe,සොදුරු අතීතයේ නිමල පෑතුම වී මගේ හද තුල ඔබ ඉන්න ඈතී... ඒ හින්දා යලි සෙනෙහෙ සිතින් අපි ආදරයෙන් හමු වෙන්න ඈතී...  කදුලු සුසුම් මෑද සතුටු සිනා මෑද භවය පුරා ලග ඉන්න ඈතී... එදත් මගේ සිත අද මෙන් කෑපවී ඔබේ නමට පුද දෙන්න ඈතී.....  නොසෑලී නොතෑවී බාධක හමුවේ ආ හින්දා ජය ගන්න ඈතී.... ආත්ම ගනනේ පුරුදු ලෙසින් අපි මේ අයුරින් හමු වෙන්න ඈතී.....,සොදුරු අතීතයේ නිමල පෑතුම වී මගේ හද තුල ඔබ ඉන්න ඈතී,පෑතුම,ඔබ,මාගේ ජීවිතය ඇතිතුරා මාගේ එකම ප්‍රාර්ථනාව ඔබයි
සිතින් මා නොසැලී,Sithin Maa Nosali,ටී.එම්.ජයරත්න,T.M.Jayarathna,ප්‍රේම කීර්ති ද අල්විස්,Prema Keerthi de Alwis,"
ස්ටැන්ලි පීරිස්",Stanley Peiris,සිතින් මා නොසැලී සිටිද්දී කඳුල නුඹ ‍ඇවිදින්... නිවා දැමුවේ නෙතේ පීඩා නොබිදිනූ මැනවී  තනිව මා හඩනා වෙලාවේ සැලි සැලී සිහිනේ.. වැටුනු මහ වරුසා මතක්වී නුඹ රැදී දෑසේ..  සිතින් මා නොසැලී...  තවම මා නොදුටූ සිනා කැන් හමුනොවූ යාමේ කදුල මට කරුණා කරන්නැයි අයැදිමී නිබදේ...  සිතින් මා නොසැලී...,වැටුනු මහ වරුසා මතක්වී නුඹ රැදී දෑසේ,වැස්ස,කඳුල,මහ වරුසාවක් මෙන් කඳුලු මා නෙතින් ඇද වැටෙනවා
අප හමුවූවත්,Apa Hamu Uuwath,ටී.එම්.ජයරත්න,T.M.Jayarathna,කුලරත්න ආරියවංශ,Kularathna Ariyawansa,රෝහණ වීරසිංහ,Rohana Weerasinghe,අප හමුවූවත් නොවුණත් කාලය ගතවී යනවා අප තනිවූවත් නොවුණත් ලොව එකසේ පවතිනවා //  ලොව මල් පිබිදෙන්නේ යළි පරවෙන්නට නම් අප හදවත් එක්වන්නෙත් වෙන්වන්නට නම් යළි වෙන්වන්නට නම්  අප හමුවූවත් නොවුණත් කාලය ගතවී යනවා...  පෙරුම් පුරා හමුවන්නෙත් දිගු කලෙකින් නම් හමුවූවත් යළි සැණෙකින් වෙන්වී යයි නම් අප යළි තනිවේ නම්  අප හමුවූවත් නොවුණත් කාලය ගතවී යනවා...,ලොව මල් පිබිදෙන්නේ යළි පරවෙන්නට නම් අප හදවත් එක්වන්නෙත් වෙන්වන්නට නම් ,මල් පරවීම,වෙන්වීම,මලක් පිපිණු සේ පරවී යෑම සාමාන්‍ය සේම ආදරයේ වෙන් වීමත් සාමාන්‍ය වේ
දෙගොඩ තලා ගඟ ගලා,Degoda Thala Ganga Gala,ටී.එම්.ජයරත්න,T.M.Jayarathna,කුලරත්න ආරියවංශ,Kularathna Ariyawansa,රෝහණ වීරසිංහ,Rohana Weerasinghe,දෙගොඩ තලා ගඟ ගලා මෙගොඩ ගොඩේ ඈ හිඳී තොටුපලේ ගං ඉවුරේ මා තනිවම මද අඳුරේ//  මේ ගඟ ගලා ගියේ අපි පුංචි ළමුන් දවසේ ඇගෙ දෙපා පවා ආදරෙන් දොවා ආදර ඒ ගඟ නෑ අද නෑ  දෙගොඩ තලා ගඟ ගලා...  මේ ඔරු කඳේ නැගී බොර පාට දියේ තනිවී මා මෙහා ඉමේ ඈ එහා ඉමේ බාධක මේ ගඟ තාම ගලයි  දෙගොඩ තලා ගඟ ගලා මෙගොඩ ගොඩේ ඈ හිඳී තොටුපලේ ගං ඉවුරේ මා තනිවම මද අඳුරේ//  මා තනිවම මද අඳුරේ///,දෙගොඩ තලා ගඟ ගලා,දෙගොඩ තලා ,ගඟ,ගං ඉවුරු බිඳගෙන ඉතාමත් වේගයෙන්  ගඟ ගලා යයි
සියක් ආයු ලැබ,Siyak Ayu Leba,ටී.එම්.ජයරත්න,T.M.Jayarathna,"
රඹුක්කන සිද්ධාර්ථ හිමි",Ven Rambukkana Siddhartha,එච් එම් ජයවර්ධන,H M Jayawardena,"සියක් ආයු ලැබ - මගෙත් ආයු ගෙන මටත් වඩා කල් - ඔබ ජීවත් වේවා මෙතේ බුදුන් කල - ලොවේ උතුම් ලඳ විශාකාව වේවා
මහා පොළොවසේ - නිහඬ නිසන්සල ඔබේ දයාබර - හදින් ගලා එන ආදර ගීතය - ළොව සනහාලන බුදුබණ පදයක් වේවා
සියක් ආයු ලැබ - මගෙත් ආයු ගෙන මටත් වඩා කල් - ඔබ ජීවත් වේවා මෙතේ බුදුන් කල - ලොවේ උතුම් ලඳ විශාකාව වේවා
ගතේ රුහිරු ලේ - කිරි පෙව් සෙනෙහස සුවඳ ගලාගිය - ඔබෙ මවු හදවත නිවන් පුරට යන - මං පෙත හෙලිකල පහන් ටැඹක් වේවා",ආදර ගීතය - ළොව සනහාලන,ගීතය,ආදර,ගීතයක් සිත සනසන්නාක් මෙන් මිහිරිව ආදරය සිත් සනසාලයි 
අත්වැල ගිලිහී ලොව තනි වුදා,Ath wal gilihee lowa thani wuu daa,අමරසිරි පීරිස්,Amarasiri Peries,ජයතිස්ස බොරළුගොඩ,Jayathissa Boralugoda,කළණි පෙරේරා,Kalani Perera,"අත්වැල ගිලිහී ලොව තනි වුදා
දකිනා පෙරමඟ ලකුණු නැති
ආශා දැහැනින් වැනසී යාදෝ
යුගදිවි ගමනේ සොඳුරු ගති ...//

උසුලනු හැකිවෙද
තණ්හා ආශා
සඟවනු හැකිවෙද
සිතුවිලි මාලා
ඉවසනු හැකිවෙද
සෝ දුක් සංකා
ආශා දැහැනින් වැනසී යාදෝ
යුගදිවි ගමනේ සොඳුරු ගති

දෑඟිලි එක්කල
වරපට දෙදරා
සෙනෙහස වැපුරූ
සරු කෙත වනසා
පුහුදුන් හදවත
සෝගිනි දල්වා
ආශා දැහැනින් වැනසී යාදෝ
යුගදිවි ගමනේ සොඳුරු ගති",සෙනෙහස වැපුරූ සරු කෙත වනසා පුහුදුන් හදවත සෝගිනි දල්වා,සෙනෙහස වැපුරූ සරු කෙත,පුහුදුන් හදවත,වැපිරූ කුඹුරක පිහිදුන් බව විනාස කරන්නාක් මෙන් හදවත සෝ ගින්නෙන් දවා දමයි
ස්නේහයේ නගරයයි සිත මගේ,Sneehayee Nagarayai Sitha Mage,අමරසිරි පීරිස්,Amarasiri Peries,හේමසිරි ගුණතුංග,Hemasiri Gunathunga,රෝහණ වීරසිංහ,Rohana Weerasinghe,"ස්නේහයේ නගරයයි සිත මගේ
මාවතක් හෝ නොවූ රාගයේ
වන්දනාවේ ගිහින් එන්න ආසයි මටත්
කොයි ඉසව්වේද ඒ මෙත්පුරේ

යෞවනේ නිල් නුවන් සේ රැඳී
රන් මලක් වේද හද සල් වනේ
නෙත් පහන් දල්වලා සිත් සඳුන් දුම් දවා
රන් සිනා පාමි පූජාසනේ...

මේ නවාතැන් ගෙවා ආත්මයේ
යන තුරා මිලින වී මතු දිනේ
සෙනෙහසේ සිහිලඹින් දොවන සේ යදිමි මා
පූජනීයයි උතුම් ආදරේ...",ස්නේහයේ නගරයයි;රන් මලක් වේද හද සල් වනේ;නෙත් පහන්,ස්නේහයේ නගරය;රන් මල හද සල් වනේ;පහන්,සිත;පෙම්වතිය;නෙත්,මගේ සිත ස්නේහයේ නගරයක් මෙන් ආද්‍රණීයයි පිවිතුරුයි;තම පෙම්වතිය ආදරය නැමැති සල් වනයේ රන් මලක් මෙනි;ඇගේ නෙත් පහන් මෙන් ආලෝකය ගෙන දෙයි
සොඳුරිය කාලය කොතරම් නපුරුද,Sonduriya Kalaya Kotharam Napuruda,අමරසිරි පීරිස්,Amarasiri Peries,සමන්ත හේරත්,Samantha Herath,ප්‍රේමසිරි කේමදාස,Premasiri Kemadasa,"සොඳුරිය කාලය කොතරම් නපුරුද

දිවි හිමියෙන් කඳුළැලි පුරවාගෙන
රැකගත් ආලය උදුරා ගෙන ගිය
කාලය කොතරම් නපුරුද සොඳුරිය...

පෙරුම් පුරා දුක සේ ගළපා ගත්
කවිය ඔබම වී නැළැවුණු යුගයක
හද ඇඳි ඔබ රුව සිහිනෙකවත් නැත
ඒ රුව කෙතරම් මිහිරිද සොඳුරිය...

ලොවට හොරා විළි ලා බිහිකර ගත්
වසන්තයේ සඳ මියැදුණු දවසක
බෙදා හදාගත් දුක වත් අද නැත
ඒ දුක කොතරම් මිහිරිද සොඳුරිය...",කවිය ඔබම වී,කවිය,ඔබ,ඔබ කවියක් මෙන් සුන්දරයි ලස්සනයි
හිම දිය වී හිමාලයේ,Hima Diya Wee Himalayee,අමරසිරි පීරිස්,Amarasiri Peries,ධම්මික බණ්ඩාර,Dhammika Bandara,ඩැනිස්ටර් පෙරේරා,Danister Perera,"ක්‍රි : හිම දිය වී හිමාලයේ ...
යමුනා ගඟ නඟයි තරංගා ...
සුදු පෙණ කැටි බලන්න රාධා ...


රා :
සුළඟ හමයි සීතල සාදා ....
සීතල ගිනි ගනීද ක්‍රිෂ්ණා ....
ක්‍රි :
සිනා රැලි නඟා උතුරන ...
ඔය හදවත් නීල ජලාශේ ...
පීනන මේ ස්වර්ණ හංසයෝ ....
අකීකරු ද මෙතරම් රාධා ...
රා :
ඉඩ දී දෙන්නට දඬුවම් ....
දෑස පියා ගන්නම් ක්‍රිෂ්ණා ....
ක්‍රි :
මල් පෙති පොඩි වී ඉකිලන ...
මේ හෝපලු යහන් තලාවේ ...
සඳ දිය මිණි මෙවුලට වැටිලා ....
දෑස නිලංකාරයි රාධා ...
රා :
ගිලිහී ගිය දෙන් මිණි කැට ...
දෑස වසා ඉන්නම් ක්‍රිෂ්ණා ...",ඔය හදවත් නීල ජලාශේ ,නීල ජලාශය,හදවත,රාධාගේ හදවත නීල ජලාශයක් මෙන් පිවිතුරුයි
හන්තානට පායන හඳ,Hanthanata Payana Sanda,අමරසිරි පීරිස්,Amarasiri Peries,ධම්මික බණ්ඩාර,Dhammika Bandara,ඩැනිස්ටර් පෙරේරා,Danister Perera,"හන්තානට පායන හඳ ලස්සනයිද කියන්න ....
මා නොදකින ඒ පුරහඳ
ඔබට හැකිය දකින්න ....

අඳුරු ලලා වහිනා කල
සරසවි බිම තෙමෙන්න ....
කුඩේ යටින් ඔබ යන කල
එපා තනිය දැනෙන්න ....
ලතා මඬුලු අත වනාවි
එපා අහක බලන්න ....
මා ගැන මතකය ගුලි කර
මහවැලියට දමන්න ....",ලතා මඬුලු අත වනාවි,ලතා මඬුලු ,පෙම්වතුන්ගේ ඇරයුම්,තුරු ලතාවන් සෙලවීම පෙම්වතුන් ආදරයට ඇරයුම් කරන්නාක් මෙනි
උදුම්බරා හිනැහෙනවා,Udumbara Hinahenawa,අමරසිරි පීරිස්,Amarasiri Peries,"ධර්මසේන පතිරාජ, ඩබ්ලිව්.ජයසිරි","Dharmasena Pathiraja, W. Jayasiri",ප්‍රේමසිරි කේමදාස,Premasiri Kemadasa,"උදුම්බරා හිනැහෙනවා

ඉර අදුරට හැංගෙනවා
දස දහසක් සම් මස් ඇට
සිනා කදුළු වැහි වැහැලා
ගිනිගෙන රත්වුණු දවසක
සැනසෙන එක හැන්දෑවක
උදුම්බරා හිනැහෙනවා......

මුහුදු කොණේ සුදු වැල්ලේ
ඉර හැංගෙන එක මොහොතක
උදුම්බරා හිනැහෙනවා.....

කළුවර දුම එක හුස්මට
මුලු ලෝකෙම වසාගන්න
ගිනි දිය ලෝ දිය වැස්සේ
කිරි සල්කිරි උදුම්බරා.....
සිනා කදුළු වගුරනවා

ආදරයේ ඔබ ඔබමය
මා ඔබ නොව
ඔබ මා නොව
දවසක්දා......
හඳුනාගත්තොත් ඔබ මා......
හඳුනාගත්තොත් ඔබ මා......


ඒ මොහොතෙම එක හුස්මට
උපදිනවා ගිනි රස්නය
සීතලෙන්ම......
හඳුනාගත්තොත් ඔබ මා......

මහ මුහුදම ගොඩට ගලා
රත්වුණු හිරු පායන්නට
රත්වුණු හිරු පායන්නට
ගොඩබිම මහ මුහුදක් විය

මහ මුහුදම ගොඩබිම විය

උදුම්බරා කඳුළු සළයි......
උදුම්බරා කඳුළු සළයි......
කදුළු සළයි.... කදුළු සළයි.....
",සිනා කදුළු වැහි වැහැලා;ගොඩබිම මහ මුහුදක් විය,වැස්ස;මහ මුහුද,සිනා කඳුළු;ගොඩබිම,කඳුළු වැස්සක් මෙන් සිනා කඳුළු ගලයි;ගොඩබිම ඉර රශ්මිය විඳ දරා ගන්නේ මහ මුහුද රස්නය විඳ දරාගන්නාක් මෙනි
හිතවතුනි අද සුදු ඇදන් එන්න,Hithawathuni Sudu Andan Enna,අමරසිරි පීරිස්,Amarasiri Peries,ධම්මික බණ්ඩාර,Dhammika Bandara,ඩැනිස්ටර් පෙරේරා,Danister Perera,"හිතවතුනි අද සුදු ඇදන් එන්න

මේ සුසානේ පහන් දල්වන්න
ප්‍රථම ප්‍රේමය වල දමන්නට
අසීරුයි මට උදව් වෙන්න
හිතවතුනි අද සුදු ඇදන් එන්න

පාසලේ අරලියා ගස් යට
ලියු එක කැවී පේලියක්
තවම වටහ ගන්න බරිවුනි
ඇසුරු කෙරුවත් කාලයක්
හිතවතුනි අද සුදු ඇදන් එන්න ..........

මතක ගොක් කොළ රැහැන් අතරින්
යලි ලියන්නට පෙම් කවක්
මටත් මගේ හිත හදා ගන්නට
දෙන්න අරලිය මල් මිටක්
හිතවතුනි අද සුදු ඇදන් එන්න ....",මතක ගොක් කොළ  රැහැන් අතරින්,ගොක් කොළ රැහැන්,මතක,මිය යන මතකයන් අතරින් 
ආ මඟ වැරදී යන මං නොපෙනෙයි,Aa Maga Waradi Yana Man Nopenei,අමරසිරි පීරිස්,Amarasiri Peries,Unkown,Unkown,Unkown,Unkown,"ආ මඟ වැරදී යන මං නොපෙනෙයි
තනිවී දෙවිඳුන් නැති දෙවොලේ
කවුරු යදින්න ද කවුරු පතන්න ද
හිරු සඳු වත් නැති මිහිමඬලේ...

සඳගල තැන්නේ පාමුල සීතල වතුරේ
නුඹෙ සෙවනැලි පාවෙයි
නිල් දිය රැළි අතරේ
දං පඳුරේ මංකඩ ළඟ ගොම්මන් අඳුරේ
දියබුං හඬ නෑ දැන් එය සිහිනෙකි මිහිරේ...

හඬා දොඩා කීවත් කවුරුද ඇසුවේ
ප්‍රාර්ථනා ගඟ උතුරා කඳුළැලි ගැලුවේ
මන්දාරම් අහස වැසූ මිහිදුම් සළුවේ
කිම්ද සොඳුරු ජීවන මඟ හිරිකඩ හෙලුවේ...

සඳගල තැන්නේ පාමුල සීතල වතුරේ
නුඹෙ සෙවනැලි පාවෙයි
නිල් දිය රැළි අතරේ
දං පඳුරේ මංකඩ ළඟ ගොම්මන් අඳුරේ
දියබුං හඬ නෑ දැන් එය සිහිනෙකි මිහිරේ...",ප්‍රාර්ථනා ගඟ උතුරා කඳුළැලි ගැලුවේ,ගඟ,ප්‍රාර්ථනා,ප්‍රාර්ථනා ගංගාවක් මෙන් දෝරෙ ගලයි
සත්මහලින් බැස එන්නම්,Sathmahalin Basa Ennam,"නිරෝෂා විරාජිනි, කරුණාරත්න දිවුල්ගනේ","Nirosha Wirajini, Karunarathna Diwulgane",බන්දුල නානායක්කාරවසම්,"
Bandula Nanayakkarawasam",රෝහණ වීරසිංහ,Rohana Weerasinghe,"සත්මහලින් බැස එන්නම් ඔබ මා පිළිගන්නවනම්..
ආදරයේ පියගැටපෙළ පාර කියාවී..
මහ පොළොවට පිළිගන්නම් සිටු සැප හැර එනවා නම් ..
ජීවිතයේ දුහුවිල්ලෙන් ඇස් බොඳවේවී...

සිරියහනේ පොකුරු පිච්ච් මල් තනිවේවි..
දුකට කරුණු අහස අසාවී..
පන් පැදුරේ අලුත් පැතුම් දළු ලියලාවී..
ඒ පැදුරෙන් අප නොවැටේවී...

සත්මහලට පෑයූ සඳ පැලටත් ඒවී..
ඔබේ ලොවට එලිය වැටේවී...
සඳ නාවත් මගේ පැලේ එලිය ගලාවී
ඔබට පුරා හඳ පරදීවී....",ආදරයේ පියගැටපෙළ; ජීවිතයේ දුහුවිල්ලෙන් ඇස් බොඳ වෙවී,පියගැටපෙළ; දුහුවිල්ල,ආදරය;ජීවිතය,ආදරය පියගැටපෙළක් පාර කියන්නාක් මෙන් ඔබට පාර කියාවි;ජීවිතයට එන ප්‍රශ්න දුවිල්ලක් මෙන් කඳුළු ගෙන ඒවි
සැනසෙන්නම් මා,Sanasennam Ma,සේනක බටගොඩ,Senaka Batagoda,සේනක බටගොඩ,Senaka Batagoda,සේනක බටගොඩ,Senaka Batagoda,"රෑ අහසේ තරු තිබුණට...
නෑ එළියා.ක්. හඳ වාගේ...
ජීවිතයට මොනවා තිබුණද...
නෑ කිසිවක් නුඹ වාගේ...
සැනසෙන්නම් මා...
නුඹ ළඟනම් හැම මොහොතෙම හඳුනාගන්නට ජීවිතයට
සරලයි නම් මා.
නුඹ හා ගෙවනා කාලය...
සෙනෙහස විඳ ඉපිලෙයි සිත...
පාට ඉතිරෙන දේදුන්නක හැඩ...
පාවී යන්නෑ සුළඟේ බොඳවී...
ලෝකය ගැන නුඹ දකිනා සිත...
පාට පාට දේදුන්නක් වාගේ...
සැනසෙන්නම් මා...
නුඹ ළඟනම් හැම මොහොතෙම හඳුනාගන්නට ජීවිතයට
සරලයි නම් මා.
නුඹ හා ගෙවනා කාලය...
සෙනෙහස විඳ ඉපිලෙයි සිත...
සැනසෙන්නම් මා...
සැනසෙන්නම් මා...
සැනසෙන්නම් මා...
සැනසෙන්නම් මා...","ලෝකය ගැන නුඹ දකිනා සිත...
පාට පාට දේදුන්නක් වාගේ...",දේදුන්න,මිනිස් මනස,ලෝකය ගැන නුඹේ සිත දේදුන්නක් මෙන් වර්ණවත්
අළු යට ගිනි,Alu Yata Gini,සේනක බටගොඩ,Senaka Batagoda,සේනක බටගොඩ,Senaka Batagoda,සේනක බටගොඩ,Senaka Batagoda,"පුපුරන්නට යන කන්දක් ලග
සුවසේ ඉන්නට බෑ
අවදානම කොයි මොහොතෙද!
ජීවිතයම සීමා කොටු තුල
සිරවී සිටියාද හිතෙනවා බැලුවම
පසුගිය කාලය
වෙනසක් විය යුතුමයි ජීවිතයට
කවදද කොහොමද නොදනී හරියට
අළු යට ගිනි වැනි හිතුවිලි
අපිව වසාගෙන කොහෙදො ඈතක යනවා...
සීතල කදු වැටියෙන් ඔබේ
නිල්ල පිරුණු මිටියාවත
තොතැන්නකි හැමදෙටම ...
ජීවිතයට අගයක් වන වේනම්
සිතුවිලි වල සුවඳ දැනෙනම් තව,
වෙන මොනවද?
වෙනසක් විය යුතුමයි ජීවිතයට
කවදද කොහොමද නොදනී හරියට
අළු යට ගිනි වැනි හිතුවිලි
අපිව වසාගෙන කොහෙදො ඈතක යනවා...
අළු යට ගිනි වැනි හිතුවිලි
අපිව වසාගෙන කොහෙදො ඈතක යනවා...
අළු යට ගිනි",අළු යට ගිනි වැනි හිතුවිලි,අළු යට ගිනි,සිතිවිලි,අළු යට ගිනි මෙන් සිතිවිලි කිනම් මොහොතක හෝ නැවත පැමිණිය හැක
නිදි නැති රැය පුරාවට,Nidi nathi reya purawata,සේනක බටගොඩ,Senaka Batagoda,සේනක බටගොඩ,Senaka Batagoda,සේනක බටගොඩ,Senaka Batagoda,"නිදි නැති රැය පුරාවට කිසි නිමක් නැති
සිතිවිලි සයුරටත් වැඩි මිස අඩුත් නැති
අවසානයේ දී ඒ හැම බොඳ මීදුමක් සේ
ඈතට පාවි පාවි ගිය හැටි මතකයි

ජිවිතයේ මේ විදියට ප්‍රාර්ථනා පුරවාගෙන
කාලය තුල දිව යනවා
කල කී දේවල් පමණක් පසු පස වාගෙ දැනෙනව
සෙවනැල්ලක් වගේ

විටකදි නොසිතු දේ විටකදි ළඟා වෙති
එලෙසම සමහරක් දේවල් ඈත් වෙති
අවසානයේ දී ඒ හැම බොඳ මීදුමක් සේ
ඈතට පාවි පාවි ගිය හැටි මතකයි

ජිවිතයේ මේ විදියට ප්‍රාර්ථනා පුරවාගෙන
කාලය තුල දිව යනවා
කල කී දේවල් පමණක් පසු පස වාගෙ දැනෙනව
සෙවනැල්ලක් වගේ //",සිතිවිලි සයුරටත් වැඩි මිස අඩුත් නැති,සයුර,සිතිවිලි,සිතිවිලි සයුරක් මෙන් අති විශාලයි
හදවත ඉල්ලා,Hadawatha Illa,ප්‍රියා සූරියසේන,Priya Suriyasena,වර්නන් පෙරේරා, Vernon Perera,ස්ටැන්ලි පීරිස්,Stanley Peiris,"හදවත ඉල්ලා නොලැබුණු විටදි
දහසක් සිතුවිලි මා හද තුල කැලඹී
මිතුරිය ඔබ කෙලෙසක හෝ අමතක කරමි
නොපිරූ පෙරුමන් පුරලා කුමටද ළතැවී
ඔය නෙතු අග රැඳී තිබූ
නිල්මිණි ඡායා
දැක මා හදවත සසැලී
සෙනෙහස කීවා
හදවත ඉල්ලා නොලැබුණු විටදි
දහසක් සිතුවිලි මා හද තුල කැලඹී
මතු අප උපදින භවයේ
යලි හමුවේවා
ඔය නෙතු අග සිසිල දැනී
මට ළංවේවා
හදවත ඉල්ලා නොලැබුණු විටදි
දහසක් සිතුවිලි මා හද තුල කැලඹී
මිතුරිය ඔබ කෙලෙසක හෝ අමතක කරමි
නොපිරූ පෙරුමන් පුරලා කුමටද ළතැවී",නිල්මිණි ඡායා,කඳුළු,මිනිස් මනස,මිනිස් හැඟීම් දුක්බර සිතිවිලි කඳුලු ලෙස ප්‍රකාශ වේ
පායා ඈයි හිනෑහෙන්නෙ,Paya ai Hinehenne,එච්. ආර්. ජෝතිපාල,H.R. Jothipala,ඇලෝයි ගුණවර්ධන,Aloy Gunawardane,හින්දි තනුවක් ඇසුරින්,From a Hindi Melody,"පායා ඈයි හිනෑහෙන්නෙ
නිල් ගුවනෙ තරු රාශී
නෑතිවී නෑතිවීනම් ඈගෙ මුහුනෙ
නිල්වන් දෙනෙතේ කාන්ති
පායා ඈයි හිනෑහෙන්නෙ...
ඈගෙ වත මට නොපෙනේ නම්
පුන් සද ඈයි හිනෑහෙන්නේ...
ඈගෙ වත මට නොපෙනේ නම්
පුන් සද ඈයි හිනෑහෙන්නේ...
නෑති දා ඈගෙ ගී රාවෙ
කොවුලනි ඈයි ගී ගෑයුවෙ
කොවුලනි ඈයි ගී ගෑයුවෙ
වනයෙ පිපි මල් ගොමුවෙ
සමනලයනි ඈයි නෑටුවෙ
නෑතිවී නෑතිවීනම් ඈගෙ මුහුනෙ
නිල්වන් දෙනෙතේ කාන්ති
පායා ඈයි හිනෑහෙන්නෙ
ඈගෙ දිමුතු දසන් නොපෙනි
මට මොකටද මුතු පන්තී...
ඈගෙ දිමුතු දසන් නොපෙනි
මට මොකටද මුතු පන්තී...
ඈගෙ කදුලෑලි නෑති විටදි
ඔනෑ නෑ දියමන්ති
ඔනෑ නෑ දියමන්ති
පායා ඈයි හිනෑහෙන්නෙ
නිල් ගුවනෙ තරු රාශී
නෑතිවී නෑතිවීනම් ඈගෙ මුහුනෙ
නිල්වන් දෙනෙතේ කාන්ති
පායා ඈයි හිනෑහෙන්නෙ...",ඈගෙ දිමුතු දසන් නොපෙනි මට මොකටද මුතු පන්තී,මුතු පන්ති,දිමුතු දසන්,ඇගේ දත් පෙළ මුතු පන්තියක් මෙන් ලස්සනයි
නින්ද නොයන හැන්දෑවේ,Ninda Noyana Handeve,රනිදු ,Ranidu,වසන්ත දුක්ගන්නාරල,Wasantha DukgannaRala,"ඉරාජ්, රනිදු","Iraj, Ranidu","නින්ද නොයන හැන්දෑවේ
සොඳුරුයි ද මොනතරම්
දුක නැතුවමත් නොවෙයි
ඔබ යන්න යනවනම්
සිපගන්නට පමණක් නම්
ඔය දෙතොල් ළං කලේ
විඳ ගන්නට මම ඉන්නම්
එන නිවාඩුවට එනකන්නින්ද නොයන හැන්දෑවේ
සොඳුරුයි ද මොනතරම්
දුක නැතුවමත් නොවෙයි
ඔබ යන්න යනවනම්දෑස් වසා (දෑස් වසා)
කඳුලු සලා (කඳුලු සලා)
දෑස් වලින් (දෑස් වලින්)
සිනා සිලා (සිනා සිලා)
සුසුම් වලින් (සුසුම් වලින්)
කතා කලා (කතා කලා)
ඔබ යනවා (ඔබ යනවා)
සුවඳතියා (සුවඳතියා)නින්ද නොයන හැන්දෑවේ
සොඳුරුයිද මොනතරම්
දුක නැතුවමත් නොවෙයි
ඔබ යන්න යනවනම්
සිපගන්නට පමණක් නම්
ඔය දෙතොල් ළං කලේ
විඳ ගන්නට මම ඉන්නම්
එන නිවාඩුවට එනකන්",නින්ද නොයන හැන්දෑවේ,නින්ද නොයන හැන්දෑව,තනිකම,තනිකම වෙලාවකට කෙතරම් සොඳුරුයිද නින්ද නොයන හැන්දෑවක් වගේ
හිනැහෙන්නෙ මං,Hinahenne Man,රනිදු ,Ranindu,බන්දුල නානායක්කාර,Bandula Nanayakkara,රනිදු ,Ranindu,"හිනැහෙන්නෙ මං
මේ විල් තීරයේ
පියමැන්නේ…
ඔබ එක්ක.. මං
මෙ ගංගාවේ පැන යන්නේ
ඔබ හින්දා.. මං
මේ සංසාරෙ සැනසෙන්නෙ
අතගන්න…
රැකගන්න…
මට ඉන්න නිල් නයනියේ…

කිසිදා අදුරේ
හඩවන්නේ නෑ…
හඩවන්නේ නෑ…
හැඩුවත් සොදුරේ
රිද වන්නේ නෑ…
රිද වන්නේ නෑ…
දිවියේ මතුදා තනි වෙන්නෙ නෑ
ජීවිතේ හසරැල්
ආදරේ අභිමන්…
සිහිනේ සැතපී.. අපි ඉන්නේ නෑ..
පවනේ සැගවී.. අපි යන්නේ නෑ..
මෙලොවේ කිසිදා.. වෙන් වෙන්නේ නෑ
ප්‍රේමයේ අරුමේ..
ඒ ඔබේ මහිමේ…

හිනැහෙන්නෙ.. මං
මේ විල් තීරයේ
පියමැන්නේ…
ඔබ එක්ක මං
මෙ ගංගාවේ පැන යන්නේ
ඔබ හින්දා.. මං
මේ සංසාරෙ සැනසෙන්නෙ
අතගන්න…
රැකගන්න…
මට ඉන්න නිල් නයනියේ…

හිනැහෙන්නෙ.. මං
මේ විල් තීරයේ
පියමැන්නේ
ඔබ එක්ක.. මං
මෙ ගංගාවේ පැන යන්නේ
ඔබ හින්දා.. මං
මේ සංසාරෙ සැනසෙන්නෙ..
අතගන්න…
රැකගන්න…
මට ඉන්න නිල් නයනියේ…

නිල් නයනියේ…
නිල් නයනියේ…

කිසිදා අදුරේ..
හඩවන්නේ නෑ
හැඩුවත් සොදුරේ…
රිද වන්නේ නෑ…
දිවියේ මතුදා තනි වෙන්නෙ නෑ..
ජීවිතේ හසරැල්..
ආදරේ අභිමන්…

හිනැහෙන්නෙ මං
මේ විල් තීරයේ
පියමැන්නේ
ඔබ එක්ක.. මං
මෙ ගංගාවේ පැන යන්නේ
ඔබ හින්දා.. මං
මේ සංසාරෙ සැනසෙන්නෙ
අතගන්න..
රැකගන්න..
මට ඉන්න නිල් නයනියේ…

හිනැහෙන්නෙ මං
මේ විල් තීරයේ
පියමැන්නේ
ඔබ එක්ක.. මං
මෙ ගංගාවේ පැන යන්නේ
ඔබ හින්දා.. මං
මේ සංසාරෙ සැනසෙන්නෙ
අතගන්න..
රැකගන්න..
මට ඉන්න නිල් නයනියේ…","හිනැහෙන්නෙ මං
මේ විල් තීරයේ
පියමැන්නේ…
ඔබ එක්ක.. මං
මෙ ගංගාවේ පැන යන්නේ
",විල් තෙර,ජිවිතය,ඔබ මා සමග ඉන්නා බැවින් මේ ජීවිතයේ එන බාධා වලට මම සින්හවෙන් මුහුණ දෙමි
රෑ ආකාසෙට ,Rea Akaseta,රනිදු ,Ranindu,රනිදු ,Ranindu,රනිදු ,Ranindu,"රෑ ආකාසෙට අයිතිකාර නුඹ
ඇයි මගේ අහසට තනියම ආවේ
කඩා වැටෙන මගේ සීතල දෙනෙතට
ආදරේ පුරවන්න ද ආවේ //

පින්නට බය වෙන්න එපා
සීතලයි තමයි ඒත් ඒ කඳුළු නෙමේ
ඒ සීතලට උණසුම්ව ආදරේ කරමු

මම මියෙනතුරා මගෙ දිවිය පුරා
ඔබ යන්න එපා රෑ අහසට ආයේ
මිය යමු එකතැන ආදරයේ නාමෙන්
සසර පුරුද්දට පෙර වාගේ

මම මියෙනතුරා මගෙ දිවිය පුරා
ඔබ යන්න එපා රෑ අහසට ආයේ
මිය යමු එකතැන ආදරයේ නාමෙන්
සසර පුරුද්දට පෙර වාගේ

පින්න අයිති රෑටයි
රෑ අයිති සඳටයි
සඳ අයිති අපටයි … සඳ අයිති අපටයි

මම මියෙන තුරා",රෑ ආකාසෙට අයිතිකාර නුඹ,රෑ අහස,තරුනයෙකුගේ ජිවිතය,ආලොකයක් නැති අහසක් වගේ ආදරයක් නැති තරුණයෙකුගේ ජිවිතයට අයිතිවාසිකම් කියනා කාන්තාව;
ආරාධනා,Aradhana,අමරදේව ඩබ්ලිව් ඩී,Amaradewa W.D.,කුලරත්න අරියවංස,Kularathne Ariyawansha,රෝහණ වීරසිංහ,Rohana Weerasinghe,"ආරාධනා 
ආරාධනා

ජීවිතයේ තනි මංසල අතරමං වෙලා
හුදෙකලාව සුසුම් හෙළන හදවත සනහා
අතීතයේ ගිලිහී ගිය සතුට
රැගෙන යළි වඩින්න

ආරාධනා
ආරාධනා

නෙළු සුපෙම් කැටයම් හද පවුරුතලාවේ
මැකී ගියාදෝ- කාලයේ වෙරළේ
ජීවිතයේ දිගු ගමනේ අනාථ වූ දා
සෙනේහයේ සත් පියුමන් යළිඳු පිපේවා

ආරාධනා 
ආරාධනා

එදා සිඟිති කිරි සුවඳින් යුගදිවි අරණේ
ඔබේ උණුසුමේ යළිදු උපන්නෙම්
බිඳුණු එවන් රජ දහනින් සමුගෙන යනදා 
ඔබේ නුවන් පහනින් යළි එළිය ලැබේවා
 
ආරාධනා
ආරාධනා",නුවන් පහනින්,පහන,ඇස්,ආලෝකමත් දෙනත්
දොර කවුළු,Dora Kawlu,නන්දාමාලිනි,Nanda Malini,සුනිල් ආරියරත්න,Sunil Ariyarathne,සරත් දසනායක,Sarath Dasanayake,දොර කවුළු විවර කරන අරුණ උදයේ...\n සීතල සුලඟ ඔබේ සුවඳ රැගෙන හමාවා...\n නිදියහන දෙනෙත නිසළ කරන මොහොතේ...\n රෑ ඝන අඳුර ඔබේ සිහින මසිත සදාවා...\n හද පෑරී රුදුම් දිදී තෙමා වැටෙන විට සළුපිළි...\n විෂ හීසර පහර වැදී දවා නැගෙන විට සෝගිනි...\n සීත ගගුළක් වී මා දොවමින් ගලාවා...\n බියකරු දිවි සටන් බිමේ පිළිරැව් දෙනවිට රණගොස...\n තනිවී දිවි සොහොන් බිමේ මළපොත ගෙන පෙරළන විට...\n මාල ගිරවෙකු වී මා නිවමින් ගයාවා...,දිවි සොහොන් බිමේ,සොහොන් බිම,ජීවිතය,සොහොන්ට බිමක් මෙන් පාලුවට ගිය ජීවිතය
ඔබයි රම්‍ය සඳ කිරණ,Obai Ramya Sada Kiranna,නන්දාමාලිනි,Nanda Malini,සුනිල් ආරියරත්න,Sunil Ariyarathne,එච් එම් ජයවර්ධන,M. M. Jayawardhena,ඔබයි රම්ය සඳ කිරණ ඝණ අන්ධකාරේ\n ඔබයි සෞම්ය තරැ එළිය ගිම්හාන කාලේ\n ඔබයි රම්ය සඳ කිරණ ඝණ අන්ධකාරේ\n ඔබයි සෞම්ය තරැ එළිය ගිම්හාන කාලේ\n සදානන්ද කරවු ඔබේ මධුර රාවෙන්\n පිපී ආමි අරවින්දයක් සේ තඩාගේ\n ප්රේමය නම් කිමැයි ඔබ මට කියා දුන්නෙහිය\n දැන් මගේ පරමාර්ථය ඔබය\n මගේ පරමාදර්ශය ඔබය\n මගේ ඒකායන ප්රාර්ථනයද ඔබය\n ඔබයි රම්ය සඳ කිරණ ඝණ අන්ධකාරේ\n ඔබයි සෞම්ය තරැ එළිය ගිම්හාන කාලේ\n උදාවු සුපෙම් දම් නුසුන් වී රැඳේවා\n මගේ පුංචි ලොකේ තැවුල් දුක් නොවේවා\n ප්රේමයේ ද්වාරය ඔබ මට විවර කලෙහිය\n දැන් මගේ අතීතය ඔබය\n මගේ වර්තමානය ඔබය\n උත්තරීතර අනාගතයද ඔබය\n ඔබයි රම්ය සඳ කිරණ ඝණ අන්ධකාරේ\n ඔබයි සෞම්ය තරැ එළිය ගිම්හාන කාලේ\n ඔබයි රම්ය සඳ කිරණ ඝණ අන්ධකාරේ\n ඔබයි සෞම්ය තරැ එළිය ගිම්හාන කාලේ,ඔබයි රම්‍ය සඳ කිරණ; ඔබයි සෞම්ය තරැ එළිය,සඳ කිරණ; තරැ එළිය,ඔබ; ඔබ,ඔබ සඳ කිරණක් මෙන් මගේ ජීවිතය ආලෝකමත් කරයි; ඔබ තරු එලියක් මෙන් මට සෞම්‍යයි
අද පමණක් නොවේ අපට,Ada Pamanak Nowe Apata,නන්දාමාලිනි,Nanda Malini,කරුණාරත්න අබේසේකර,Karunarathne Abeysekara,ප්‍රේමසිරි කේමදාස,Premadasa Kemadasa,අද පමණක් නොවේ අපට හෙටක් තියනවා...\n අරුණළු කැන් හිනැහී නව දිනක් ලබනවා...\n අඳුරෙන් බර ආකර තුළ මැණික් දිලෙනවා...\n දෙස බස රැස අපේ අතින් එළිය වැටෙනවා...\n දෙස බස රැස අපේ අතින් එළිය වැටෙනවා...\n උදාසීන ජාතිය නිදි කිරා වැටෙන්නේ...\n උදාරතර හැඟුම් පැතුම් නැත ලියලන්නේ...\n උදාගිරෙන් උදාවෙමින් හිරු එනවාසේ...\n නවෝදයක් බිහි කරලමු අපි ඉතිහාසේ...\n අද පමණක් නොවේ අපට හෙටක් තියනවා...\n අරුණළු කැන් හිනැහී නව දිනක් ලබනවා...\n අඳුරෙන් බර ආකර තුළ මැණික් දිලෙනවා...\n දෙස බස රැස අපේ අතින් එළිය වැටෙනවා...\n දෙස බස රැස අපේ අතින් එළිය වැටෙනවා...\n ආ .....ආ ....ආ ......\n ආ ....ආ .............\n මුනි සිරිපා පියුම් පිපුණ මේ මහ දෙරණයි...\n දිගන්තයේ ජය දද නැගු හෙළ දෑ වරුණයි...\n එම බැතියෙන් අභිමානෙන් මුළු ලොව සුවඳයි...\n මෙම නිදහන් දිවි හිමියෙන් අපහට උරුමයි...\n අද පමණක් නොවේ අපට හෙටක් තියනවා...\n අරුණළු කැන් හිනැහී නව දිනක් ලබනවා...\n අඳුරෙන් බර ආකර තුළ මැණික් දිලෙනවා...\n දෙස බස රැස අපේ අතින් එළිය වැටෙනවා...\n දෙස බස රැස අපේ අතින් එළිය වැටෙනවා...,මුනි සිරිපා පියුම්,පියුම්,මුනි සිරිපා,බුදුරජාණන් වහන්සේගේ පාද පියුමක් සේ පිරිසිදුයි නිර්මලයි
මිනිසා සුවඳයි මල සේ,Minisa Suwandai Malasee,සුනිල් එදිරිසිංහ,Sunil Edirisinghe,කුමාරදාස සපුතන්ත්‍රි,Kumaradasa Saputhanthri,රෝහණ වීරසිංහ,Rohana Weerasinghe,මිනිසා සුවඳයි මල සේ නුවණින් එළියයි හිරු සේ පරවී වැටිලා ඒ හිරු මල මේ දෙරණේ  පොළවේ උරුමේ කියමින් බිලිදී විහිඟුම් ගුණදම් දහසින් මියෙනා සටනින් අඟලේ හිමිකම් සොයමින් ලොව නහවා සෝ කඳුලින් සැනහේ ජය පැන් පුරමින්  මිනිසා සුවඳයි....  උණු ලේ විෂ වී සිරුරේ ඉසුරන් ගැටෙනා අතරේ ගිනි මල් පිපිලා අහසේ ඇවිලේ ගිනි දැල් සයුරේ සා පවසින් ඉකි බිඳිනා සුසුමෙන් යදියන් හෙලනා  මිනිසා සුවඳයි...,උණු ලේ විෂ වී සිරුරේ ඉසුරන් ගැටෙනා අතරේ ගිනි මල් පිපිලා අහසේ ඇවිලේ ගිනි දැල්,අහසේ ගිනි මල්,උණු ලේ,උණු ලේ විෂ වී සිරුරේ ගැටීම අහසේ ගිනිමල් පිපී ඇවිලී දැවෙනවා සේක් මෙනි
සූර්යයා වී,Surya Wee,නන්දාමාලිනි,Nanda Malini,සුනිල් ආරියරත්න,Sunil Ariyarathne,රෝහණ වීරසිංහ,Rohana Weerasinghe,සූර්යයා වී ඉන්ද්‍ර දිගින් ඔබ පායනවා...\n තාරපතී මා අවරගිරින් සැඟවී යනවා...\n මහබඹු නළලත කෙටුවේ ඔබ රුව...\n කිසි කල කිසි දින මට නොලැබෙන්නද...\n ලෝකය දෙකොනේ දෙතැනක තනිවී\n ලොවට හොරෙන් ඉකිබිඳ වැළපෙන්නද...\n උක්දඬු දුන්නේ මල්හීසර නොව...\n විෂ ලූ හීසර අප හද පාරයි...\n අප හමුනොවනා බව පැහැදිළි මුත්\n බලාපොරොත්තුව හදගැබ මෝරයි...,තාරපතී මා,තාරපතී,මා,හිරු නැග එද්දී තරු බැස යන්නාක් මෙන් මම සැමවිටම ඔබගෙන් දුරස්ව සිටියි
නවාතැන්පොළ ඔබයි,Nawathanpola Obai,නන්දාමාලිනි,Nanda Malini,සුනිල් ආරියරත්න,Sunil Ariyarathne,එච්.එම්. ජයවර්ධන,M. M. Jayawardhena,නවාතැන්පොළ ඔබයි\n ඔබගේ සිනාවයි\n ජීවිතේ දිගු වන්දනා ගමනේ\n ජීවිතේ දිගු වන්දනා ගමනේ\n ආලයේ වන බිඟුන් බමනා\n ස්නේහයේ ජල තරඟ බිඳෙනා\n නිල්ල දිලෙනා නිම්නයේ\n ගරා ‍නොවැටෙන නවාතැන ඔබ\n නවාතැන්පොළ ඔබයි\n ඔබගේ සිනාවයි\n ජීවිතේ දිගු වන්දනා ගමනේ\n ජීවිතේ දිගු වන්දනා ගමනේ\n දයාවේ සඳ සිසිල ලබනා\n සාමයේ මඳ පවන රඳනා\n හිම මිදෙන මිටියාවතේ\n සදා උණුසුම් නවාතැන ඔබ\n නවාතැන්පොළ ඔබයි\n ඔබගේ සිනාවයි\n ජීවිතේ දිගු වන්දනා ගමනේ\n ජීවිතේ දිගු වන්දනා ගමනේ,නවාතැන්පොළ ඔබයි,නවාතැන්පොළ,ඔබ,නිදහස නිවීම ගෙන එන නවාතැන්පළක් වගෙයි ඔබ
අඬන්නෙ ඇයි සුදු මැණිකේ,Andanne Ai Sudu Manike,එච්. ආර්. ජෝතිපාල,H.R.Jothipala,ධර්මසිරි ගමගේ,Dharmasiri Gamage,මොහොමඩ් සාලි,Mohomad Sali,"අඬන්නෙ ඇයි සුදු මැණිකේ කියන්න පණ මාගේ
හෙළන්නෙ ඇයි කඳුළැලි ආදර නිල්මිණි දෑසේ
අඬන්නෙ ඇයි සුදු මැණිකේ කියන්න පණ මාගේ
ඔයාව ජීවිතයේ මට හමුවුණු මුල් දවසේ
සිනාවේ දෑසේ අහිංසක ආදරයයි තිබුණේ
කියාපු මිහිරි කතා තවමත් ඇහෙනවා වාගේ
ප්‍රියාවි රැකගන්නම් හද බලකොටුවෙහි මාගේ
පරාද වෙන්න ඉඩක් නෑ අපි දෙන්නගේ ප්‍රේමේ
දිනන්නේ යන යන තැන ඔබ හින්දයි මා ලෝකේ
අඬන්නෙ ඇයි සුදු මැණිකේ කියන්න පණ මාගේ 
මැණිකේ සුවඳ මලයි පිපි බාධක කටු අකුලේ
සිටින්න දෝතින් ඒ මල නෙලනා තුරු මැණිකේ
දිලෙන්නේ එක තරුවයි සඳ වටකර පෙම් ලෝකේ
සඳ මැණිකෙයි මම තරුවයි පායන නිල් අහසේ
",සුදු මැණිකේ කියන්න පණ මාගේ;නිල්මිණි දෑසේ;හද බලකොටුවෙහි මගේ;සඳ මැණිකෙයි;මම තරුවයි,මගේ පණ;නිල්මිණි;බලකොටුව;සඳ;තරුව,සුදු මැණිකේ;දෑස්'හදවත;මැණිකේ;මම,සුදු මැණිකේ මට මගේ පණ මෙන් වටිනවා;දෑස නිල් මැණික් වගේ දීප්තිමත් ලස්සනයි;මගේ හදවත බලකොටුවක් මෙන් ආරක්ෂ්තයි වෙන කිසිවෙකුට පැමිණිය නොහැකියි;මැණිකේ සඳක් මෙන් මගේ ලොව එළිය කරනවා; මම අහසේ දිලෙන තරුවක් වගේ මැණිකේ සමග සසඳද්දී
මා ප්‍රාර්ථනා,Ma Prarthana,"ඇන්ජෙලින් ගුණතිලක, එච්. ආර්. ජෝතිපාල","Angelin Gunathilaka,H.R.Jothipala",ධර්මසිරි ගමගේ,Dharmasiri Gamage,ප්‍රේමසිරි කේමදාස,Premasiri Kemadasa,"මා ප්‍රාර්ථනා ආශාවෝ ආරාධනා ඇසුණා දෝ
පෙර ආත්මයේ පැතුවා දෝ මේ ආත්මයේ හමුවී දෝ 
දිලි දිලි දිලි දෙනෙතේ නුරාකැන් දිලේ
සැලි සැලි සැලි දෙතොලේ සිනාකැන් සැලේ 
රැඳි රැඳි රැඳි තුරුලේ වෙලී පෙම් බඳේ
බැඳි බැඳි බැඳි වෙසෙමී සදාකල් ප්‍රියේ 
මනහාරී වනරේඛා යායේ පාවේ  
මධු ලෝලී බිඟු දෑලේ පෙම් ගී රාවේ 
පෙණ රැළි රැළි විහිදී පැතුම් සාගරේ 
දිය සුළි සුළි කැරකී හැඟුම් යා කෙරේ
රස සිතුවිලි අතරේ සුපෙම් මාවතේ 
ඔබ අතගෙන ගෙවමී යොවුන් ජීවිතේ
රසකාමී අනුරාගී වූ පෙම් ලෝකේ  
මධුරාවී ඔබ මාගේ මේ සංසාරේ
",පැතුම් සාගරේ,සාගරය,පැතුම්,සාගරය මෙන් විශාල පැතුම් සමුදාය
රෑන ගිරා ජෝඩුවයි,Rana Gira Joduwai,නන්දාමාලිනි,Nanda Malini,ධර්මසිරි ගමගේ,Darmasiri Gamage,ප්‍රේමසිරි කේමදාස,Premasiri Kemadasa,රෑන ගිරා ජෝඩුවයි.......\n හාද වෙලා ආදරෙන්..\n රෑන ගිරා ජෝඩුවයි.......\n වනන්තරේ වෙනසක් නෑ..\n පෙම් සිතුවිලි පැදේ....\n පෙම් සිතුවිලි පැදේ....\n ගිය ගිය තැන ආදර රජ මාලිගාව සෑදේ\n රෑන ගිරා ජෝඩුවයී.......\n හාද වෙලා ආදරෙන්....\n රැන ගිරා ජෝඩුවයි.......\n වන රේඛා මැද සීතළ හෙවනේ....\n අත්වැල් බැඳ යන ආදර ගමනේ...\n හුරතල් දැනිලයී... දුක් ගිනි නිවුනේ...\n සිනහ කුසුම් තොල්.. පෙති අග පිපුනේ...\n රෑන ගිරා ජෝඩුවයි.......\n හාද වෙලා ආදරෙන්..\n රෑන ගිරා ජෝඩුවයී.......\n මල් පෙති උඩ පෙම් සෙවනැලි ඇඳිලා...\n දිය රැළි ඒ දැක එබිකම් කරලා...\n කඳු මුදුනේ සිට පහළට පැනලා...\n විහිළු කරයි මේ ජෝඩුව දැකලා...\n රෑන ගිරා ජෝඩුවයි.......\n හාද වෙලා ආදරෙන්..\n රෑන ගිරා ජෝඩුවයී.......\n වනන්තරේ වෙනසක් නෑ...\n පෙම් සිතුවිලි පෑදේ....\n පෙම් සිතුවිලි පෑදේ...\n හිත ගිය තැන ආදර රජ මාලිගාව සැදේ\n රෑන ගිරා ජෝඩුවයි.......\n හාද වෙලා ආදරෙන්..\n රෑන ගිරා ජෝඩුවයී.......,කුසුම් තොල්,කුසුම,තොල්,සිනිදු ලස්සන මල් මෙන් තොල්
මා ඉතින් යන්න යනවා,Maa Ithn Yanna Yanawa,සුනිල් එදිරිසිංහ,Sunil Edirisinghe,රත්න ශ්‍රී විජේසිං,Rathan Sri Wijesinghe,රෝහණ වීරසිංහ,Rohana Weerasinghe,මා ඉතින් යන්න යනවා මට යන්න අවසරයි මට අරන් යන්න ඇත්තේ ඒ මතකය විතරයි  නුඹ සඳක් වෙලා පායා මට එළිය වුණු වගයි නුඹ සඳක් සේම බැස යයි මට ඉතිරි කළුවරයි මගෙ මතක එපමණයි  මා ඉතින්...  සඳ එළිය අයිති ලොවටයි සඳ අයිති අහසටයි පිණි කඳුළු බිංදු විතරක් මේ බිමට වැටෙනු ඇයි මට උරුම එපමණයි  මා ඉතින්...,නුඹ සඳක් වෙලා පායා මට එළිය වුණු වගයි,සඳ,නුඹ,සඳක් අහස ආලෝකමත් කරන්නා  වගේ නුඹ මගේ ලොව එළිය කරනවා
දේදුනු පායා,Dedunu Paya,නන්දාමාලිනි,Nanda Malini,ලෙසිල් රණසිංහ,Lesli Ranasinghe,ප්‍රේමසිරි කේමදාස,Premasiri Kemadasa,දේදුනු පායා පාට වැටෙනවා\n ජීවන අහස් තලේ\n ආ.දර පවනේ සුසුම් කුසුම් වැල්\n මා යන මඟට හැරේ\n දේදුනු පායා පාට වැටෙනවා\n ජීවන අහස් තලේ\n ආ.දර පවනේ සුසුම් කුසුම් වැල්\n මා යන මඟට හැරේ\n දෑසට දෑසක් හමුවුනු දවසේ\n නුපුරුදු හැඟුමක් කියවේ රහසේ\n සිතිවිලි දහසක් එක්තැන් වූයේ\n පැතුම් ලොවට මගේ ඇයි ඔබ ආවේ\n මා කැඳවන ගොලු ඉඟියක් දැනුනා\n ආදර විමනේ රන් දොර ඇරුණා\n පොපියන හදකින් ආශා හිතුණා\n පිටුපා යන්නට බැරි බව හැඟුණා\n දේදුනු පායා පාට වැටෙනවා\n ජීවන අහස් තලේ\n ආ.දර පවනේ සුසුම් කුසුම් වැල්\n මා යන මඟට හැරේ\n උල්පත් හැදුනේ සිහිල උනන්නයි\n මල් කෙමි මැවුනේ රොන් වෑහෙන්නයි\n මී වද බැඳුනේ පැණි සුරකින්නයි\n හද මැවුනේ ආදරය කරන්නයි\n මල්බර තුරු අතු සෙවණ සදනවා\n කුරුලු ගීත ආසිරි ගී වෙනවා\n තනිවම ගිය මග ඔබ හා යනවා\n පෙමට ඇරුණු හද ඔබට පුදනවා\n දේදුනු පායා පාට වැටෙනවා\n ජීවන අහස් තලේ\n ආ.දර පවනේ සුසුම් කුසුම් වැල්\n මා යන මඟට හැරේ\n දේදුනු පායා පාට වැටෙනවා\n ජීවන අහස් තලේ\n ආ.දර පවනේ සුසුම් කුසුම් වැල්\n මා යන මඟට හැරේ,ජීවන අහස් තලේ; සුසුම් කුසුම් වැල්,අහස් තලේ; කුසුම් වැල්,ජීවිතය; සුසුම්,අවසානයක් නොපෙනෙන ජීවිතය; මල් වැනි සොඳුරු සුසුම්
අකුරු සතර කරන පුතුට,Akuru Sathara Karana Puthuta,නන්දාමාලිනි,Nanda Malini,සුනිල් ආරියරත්න,Sunil Ariyarathne,ෂෙල්ටන් ප්‍රේමරත්න,Shelton Premarathne,අකුරු සතර කරන පුතුට සඳ දෙවියෝ රැස් හෙළූහ.\n රෑ තනියට ලඟ ඉන්නට සිය තරු දරුවන් එවූහ.\n හිරු දෙවියෝ සුළඟ වෙසින් ආසිරි චාමර සැළූහ.\n අකුරු සතර දත් පුතු ලඟ ගණ දෙවියෝ මල් පිදූහ.\n මගෙ දියණිය මලකි බඹරු එ මල වටා ගී ගැයූහ.\n රොන් ගන්නට බැරිවූ තැන මගෙ මල ගැන පද හැදූහ.\n වම් පියයුර ගඩා ගසා බඹර නුවර ගිනි ලැවූහ.\n පත්තිනි දෙවියෝ ඇවිදින් දුවගෙ නමට මල් පිදූහ.\n සතුරු සෙනග දුටු මනතින් බියසුල්ලෝ පැන දිවූහ.\n බාරහාර වී තැන තැන රහසේ කටමැත දෙඩූහ.\n විරු දරුවෝ ගෙන අසිපත් රුපු සේනා පොලු ගැසූහ.\n කඳ දෙවියෝ රණබිම් වැද බල සෙනඟට මල් පිදූහ.,මගෙ දියණිය මලකි,මල,මගේ දියණිය,මගේ දියණිය මලක් මෙන් සොඳුරුයි
ලේ කඳුලින්,Le kandulin,නන්දාමාලිනි,Nanda Malini,සුනිල් ආරියරත්න,Sunil Ariyarathne,එච්. එම්. ජයවර්ධන,M. M. Jayawardhena,ලේ කඳුලින් දෙපා දොවා\n මුර ගෑ යාදිනි නෑසූ සවනින්\n නොයන් සුපෙම්වත අතැර දමා මා මරු කතරේ...\n හද මල් ගොමුවේ ප්‍රථම මලයි ඔබ නෙළුවේ...\n එමලේ පිවිතුරු සුවඳ පොදයි ඔබ ලැබුවේ...\n ආදර කඳුළට නිගා කරන්නට\n සැහැසි වුණේ කිම කියන් සුපෙම්වත...\n යෞවනයේ කඳු සිරස මතයි මා  සිටියේ...\n එහි මා කැඳවූ දිනෙක ඔබයි මා නැසුවේ...\n කවට කමින් ආළය ගරහන්නට...\n සැහැසි වුණේ කිම කියන් සුපෙම්වත...,හද මල් ගොමුවේ,මල් ගොමුවේ,හද,මල් ගොමුවක් මෙන් සුන්දර හදවත
සීතල දිය පිරි සුනිල විලයි,Seethala Diya Piri Sunila Wilai,සුනිල් එදිරිසිංහ,Sunil Edirisinghe,මහගම සේකර,Mahagama Sekara,රෝහණ වීරසිංහ,Rohana Weerasinghe,"සීතල දිය පිරි සුනිල විලයි....
ඒ විල මැද ඔබ සුවඳ මලයි ....
ගිමන් නිවාලන සුළං රැලක් වී
ඔබේ සිනා මට පවන් සලයි.....

අසරණ වී මා ජීවිත කතරේ
අන්ධකාරයේ සැරිසැරුවා
ඔබේ නිහඬ නෙත ඈත සිතිජයෙන්
උදාවෙලා මට අත වැනුවා

දෑසට නොපෙනෙන ඝන නිල් අඳුරේ
ඔබේ හදින් මා දෙස බැලුවා
දෑසට නොපෙනෙන මා හද පතුලේ
සුන්දරතාවය ඔබ දුටුවා

ඔබේ කුසුම ඔබ දෝතින් අරගෙන
ආදරයෙන් මා වෙත පිදුවා
ඒ මොහොතෙම තව සිය දහසක් මල්
මා වට කර හැමතැන පිපුණා","ඔබ සුවඳ මලයි;ගිමන් නිවාලන සුළං රැලක් වී
ඔබේ සිනා",සුවඳ මල;ගිමන් නිවාලන සුළං රැලක්,ඔබ;ඔබේ සිනා,මලක් විලක් ලස්සන සහ සුව‌ඳවත් කරන්නා වගේ ඔබ මගේ ජීවිතය සරසයි සුවඳ කරයි;සුළඟ මහන්සිය නැති කරන්නාක් වාගේ ඔබේ සිනාව මගේ මහන්සිය නිමා කරයි
නිම් තෙරක් නොදුටු,Nim Therak Nodutu,සුනිල් එදිරිසිංහ,Sunil Edirisinghe,බන්ධුල නානායක්කාර,Bandula Nanayakkare,රෝහණ වීරසිංහ,Rohana Weerasinghe,නිම් තෙරක් නොදුටු මේ ලෝකයේ රුදු සපුන් නිබඳ සරනා බිමේ // ඔබේ සිනා වත මගේ නවාතැන අරුණු විහිදුවාවී ජීවිතයේ  රැල් නගා ගලන ගංගා දියේ මං වසා දමනු හැකිදෝ කෙසේ // සොයා සයුරු දිය හඹා ඇවිත් ගඟ සදා සැඟව යාවී සාගරයේ  සිල් බිඳී මුවන් කැලඹූ වනේ බිම නොලා නෙලූ ඵල මාවතේ // සදා ඔබේ ගිම් බෙදාගනිම් මම් තැවුල් සැඟව යාවී මාරුතයේ  නිම් තෙරක් නොදුටු මේ..,ඔබේ සිනා වත මගේ නවාතැන,මගේ නවාතැන,ඔබේ සිනාව,මිනිසෙකුට නවාතැන සැන්සීමක් නිවීමක් දෙන්නාක් මෙන් ඔබේ සිනාව මගේ ජීවිතයේ සැනසීමක් දෙන නවාතැනකි;
මගේ සඳ ඔබ,Mage Sada Oba,නන්දාමාලිනි,Nanda Malini,සුනිල් ආරියරත්න,Sunil Ariyarathne,රෝහණ වීරසිංහ,Rohana Weerasinghe,මගේ සඳ ඔබ - මගේ සඳ ඔබ\n එදා සඳ නොව - මෙදා සඳ ඔබ\n මගේ සඳ ඔබ මගේ....\n එදා මට ඔබ සරා සඳ විය..\n කවි ඇසින් දුටු සොඳුරු පියකරු..\n අඳුරු හද ගැබ එකලු කරමින්..\n උදාවිය ගිරි ශිඛර සිරසේ...\n මගේ සඳ ඔබ...\n මෙදා මට ඔබ සැබෑ සඳමය..\n විදු ඇසින් දුටු ලොවය විසකුරු..\n ප්‍රාණයෙන් තොර වියලි සඳසේ..\n ඔබද අදමා අසල ගැවසේ...\n මගේ සඳ ඔබ..,මගේ සඳ ඔබ,මගේ සඳ,ඔබ,සොඳුරු පියකරු ඔබ හදවතක් මෙන් මා ආලෝකමත් කරයි
දුර ඈත තුරු වදුලේ,Dura Atha Thuru Wadule,නන්දාමාලිනි,Nanda Malini,කැමිලස් පෙරේරා,Kamilas Perera,සරත් දසනායක,Sarath Dasanayake,දුර ඈත තුරු වදුලේ කටු අකුලේ/n පිපි නිදිකුම්බා මල් කැකුළ ඔබයි...\n මඳහස මුව මඬලේ නෙතු සඟලේ\n නිති තනි රකිනා පිනි කඳුළ මමයි...\n මුළු සසර පුරා සිසිලස තවරා\n දිවි ගිමන නිවන මඳ පවන ඔබයි…\n හද විමන අරා සෙනෙහස අතුරා\n එහි නිබඳ රඳන මල් සුවඳ මමයි…\n ඇස කඳුළු සලා හිස ගිනි අවුලා\n හිත නැඟෙන බිඳෙන දුක් සුසුම ඔබයි…\n නිති සිනා සලා දිවි ගෙවන තුරා\n ඔබ සිතන පතන පිළිසරණ මමයි…,නිදිකුම්බා මල් කැකුළ ඔබයි; මඳ පවන ඔබයි; දුක් සුසුම ඔබයි,මඳ පවන; දුක් සුසුම; විමන,ඔබ; ඔබ; ඔබ,ඔබ නිදිකුම්බා මලක් මෙන් අහින්සක සුන්දර තරුණියක් ;ඔබ මද පවනක් සේ මාව සන්සුන් කරයි;මාව අඬවන්නද පුලුවන් ඔබටයි
ආලයේ ගාථා,Alaye Gatha,කසුන් කල්හාර,Kasun Kalhara,සුනිල් ආරියරත්න,Sunil Ariyarathne,කසුන් කල්හාර,Kasun Kalhara,"ආලයේ ගාථා සජ්ජායනා කලා ආලයේ මන්ත්‍ර සිය වරක් ජප කලා චණ්ඩාල වශී බන්ධනයෙන් හද බැඳ තබා සාධු තර ස්වප්නය ට නිගා දී ඔබ ගියා ස්නේහයේ චුම්බනය නලල මත වගුරුවා ආලිංගනය සුරස මතක පොත පුරව්වා ප්‍රේම ආරාමයේ කැනි මඩළ බිම හෙලා සාර තර වසන්තය නිමා කර ඔබ ගියා සුපුෂ්පිත හදවතේ සුගන්ධය විහිදුවා සුරක්ෂිත දොරටුවේ සෙබළ මුළු විසුරුවා ප්‍රේමයේඅභය භුමියේ දි මා නසා මධුර මධු කුසලාන කඩා බිඳ ඔබ ගියා""",ප්‍රේමයේ අභය භුමියේ,අභය භුමිය,ප්‍රේමය,ප්‍රේමය අභය භූමියක් වැනි සුන්දර දෙයකි
ආදර මල් වල,Adara Mal Wala,කසුන් කල්හාර,Kasun Kalhara,වසන්ත කුමාර කොබවක,Vasantha Kumara Kobawaka,නවරත්න ගමගේ,Navarathna Gamage,"ආදර මල් වල පාට කියන්නද
මේ වගෙ ලස්සන තව නෑ
මේ වගෙ ලස්සන තව නෑ
මීදුම් පිණි පොද දෑස වසන් කල
සමනල් සිහිනය පිපුනා...
සමනල් සිහිනය පි පු නා...

දේදුනු රේඛා - දෑසම තවරා..
තවමත් මල් සිත - බලා සිටිනවා..
මීදුම් තවරා සුළඟක - ඈතක සගවා තුන්සිත
දෑස හොරෙන් ඈත‍ සොයනවා..
අදුර මැදින් එන්න සදලියේ...

දේදුනු සායම - දෑස‍ බොඳ කල
මාලති යායක හැලිලා...
මාලති යායක හැලිලා...
සීතල හිම කදු යාය පිය මැන
දෙව්ලිය සිහිනෙක වැ‍ඩියා
දෙව්ලිය සිහිනෙක වැ‍ඩියා...",ආදර මල්,මල්,ආදරය,ආදරය මලක් මෙන් සුන්දරයි
මල් මිටක් තියන්න,Mal Mitak Thiyanna,කසුන් කල්හාර,Kasun Kalhara,ප්‍රභා රාජගුරු,Prabha Rajaguru,කසුන් කල්හාර,Kasun Kalhara,"මල් මිටක් තියන්න ඔබ අතේ
මට කියා කොයින්ද මල් වනේ
ජීවිතේ විසල් නදී තෙරේ
තුරු හිසත් මලත් ඔබයි මගේ

සොදුරු කවි ලියාන හිත් කොනේ
තාරුකා වහින රාත්‍රියේ
ගෙල වටේ ගිලී හමා ඇදි නළරැළී
ඔබයි මගේ

තුරුලතා පවා දුකෙන් වගේ
අතවනා සොයන්නෙ ඔබ කොහේ
හැන්දෑව වගේ සෞම්‍ය වී නිදා ඉන්න
මගේ හදේ.",ජීවිතේ විසල් නදී තෙරේ,නදිය,ජීවිතය,විශාල නදියක් මෙන් ජීවිතය
පි‍න්න පිපුනු,Pinna Pipunu,ටී.එම්.ජයරත්න,T.M.Jayarathna,කුලරත්න ආරියවංශ,Kularathna Ariyawansa,රෝහණ වීරසිංහ,Rohana Weerasinghe,පි‍න්න පිපුනු ලන්ද දිගේ ඉරට මුකුළු පාන මල්කැලේ අපි රංචු ගැහී යමු වගේ පුංචි සන්දියේ  බැද්ද පුරා දං වාරේ රංචු ගැහුනු දඟ කාලේ ඉස්කෝලෙන් කට්ටි පැන්න දා දම් පාට උනා වේවැල් පාරේ  කන්ද කපා හෙලූ වෙලේ බැද්ද ගියා පිට පාරේ යාළු මිතුරු කතා ගොළුවෙලා දැන් පාළු වෙලා ඒ ගම්මානේ,පි‍න්න පිපුනු ලන්ද දිගේ ඉරට මුකුළු පාන මල්කැලේ ,ඉර හා මල්,උදෑසන,ඉර උදාවත් සමග පිපෙන ලස්සන මල් මත වැටෙන පිනි බින්දු ඉරට සිනාසෙන්නාක් මෙනි
හිරුට හොරෙන්,Hiruta Horen,ටී.එම්.ජයරත්න,T.M.Jayarathna,කුලරත්න ආරියවංශ,Kularathna Ariyawansa,රෝහණ වීරසිංහ,Rohana Weerasinghe,හිරුට හොරෙන් සඳුට හොරෙන් තරු මල් උයනේ ලොවට හොරෙන් සැදූ ලොවයි අපේ ආදරේ ඔබේ නුවන් තරු එළියෙන් ඒ ලෝකයේ සිරි නරඹන්නම් තවත් කුමටදෝ එළියක් මගේ ලෝකයේ ඔබේ වදන් අම සරයෙන් ඒ ලෝකයේ නද රැව් දේ නම් තවත් කුමටදෝ මිහිරක් අපේ ලෝකයේ,ඔබේ වදන් අම සරයෙන්,අම සරය,ඔබේ වදන්,ඇයගේ කටහඬ අම සරය මෙන් සුන්දරය මිභිරිය
මල් වරුසාවේ,Mal Warusawe,කසුන් කල්හාර,Kasun Kalhara,චරිත් විදර්ශ සේනාධීර,Charith Vidarsha Senadheera,රෝමෙන් මෙන්ඩිස්,Romen Mendis,"මල් වරුසාවේ පාවී එන්නම්
රෑ අදුරේ...තරු කැට අතරින්
ඔබ එනවානම් - රැදෙන්නම් සිතේ
සීත රැයේ තනිකම නොදැනේ...
නිල් ආකාසේ...පාවී එන්නම්...
පාවී එන්නම්.....

පිණි දිය විසිරුනු ගං ඉවුරේ
දිය රල බිදුනේ ගී හඩ සේ..
ඔබ මා වූ සිහින පැලේ
සෙනෙහේ දැනුනේ...
මල් වරුසාවේ...පාවී එන්නම්
පාවී එන්නම්.....

මල් වරුසාවේ පාවී එන්නම්
රෑ අදුරේ තරු කැට අතරින්
ඔබ එනවානම් රැදෙන්නම් සිතේ
සීත රැයේ තනිකම නොදැනේ
නිල් ආකාසේ...පාවී එන්නම්...
පාවී එන්නම්...",දිය රල බිදුනේ ගී හඩ සේ,ගී හඩ,දිය රල,ගඟක දිය රල බිදෙන විට ඒ හඩ ගීතයක් සේ මිහිරිය
නිලට නිලේ නිල් කැටේට,Nilata Nilee Nil Kateta,"කසුන් කල්හාර,උරේෂා රවිහාරි","Kasun Kalhara, Uresha Rawihari",Unkown,Unkown,රෝහණ වීරසිංහ,Rohana Weerasinghe,"නිලට නිලේ නිල් කැටේට කඩා හැලෙන ජල කඳකට
සීත සදන උල්පත ඔබය...
ඒ නිල් ජලකඳ මතුපිට අත්ලතබා හෙමි හෙමිහිට
තාල නඟන රළ පෙල ඔබය..
නොසිදෙන පෙම් උල්පත ඔබය...
බිඳෙනා පෙම් රළ පෙල ඔබය..

රතට රතේ පිපී වැනෙන නෙළාගන්න කියා කියන
පුදුම හිතෙන හිත් මල ඔබය...
ඒ හිත්මල සිඹ සනසන නටුමත කටු ඇති බව දැන
සුවඳ විදින බඹරිදු ඔබය...
පුදුම හිතෙන සිත්මල ඔබය..
සුවඳ විදින බඹරිදු ඔබය..

ගිරා නිලට පැසී දිලෙන නෙලා ගන්න කියා කියන
නුරා ගොයම් යායම ඔබය..
ඒ නව ගොයමේ කිමිදෙන ළය නියරේ නිති ඇවිදින
සරා සුවඳ මදනල ඔබය...
නුරා ගොයම් යායම ඔබය...
සරා සුවඳ මදනල ඔබය...

නිලට නිලේ නිල් කැටේට..",සරා සුවඳ මදනල ඔබය,මදනල,ආදරවන්තිය,පෙම්වතිය සුව පහසු සුවදවත් මදනලක් මෙනි
ඔබෙ සිත මා සිත,Obe Sitha Ma Sitha,කසුන් කල්හාර,Kasun Kalhara,Unkown,Unkown,Unkown,Unkown,"ඔබෙ සිත මා සිත වෙන් කළ
සිතුවිලි සංගිලි පාලම
ඒ මේ අත වැනෙනා
චකිතය සිත තනනා

ඇඟ සමබර කර එන්නෙ කොහොමද
හමනා විට ආදරේ කුණාටුව
ඇඳගෙන වැටුනත් හිතට දුකක්නම් නෑ
ඔබගේ සෙනෙහස දිය සුළියේ සිරවී
මා මියදුනත් කමක් නෑ

කීරි ගැහෙන කන් අයා සිටින්නද
බිදෙනා විට පාළමේ රැහැන්පට
දෑස පියාගෙන මං පියවර මැන්නා
ඔබ මා අතැඟිළි හමුවූ විගසකිනා
අප සිත් වෙන් කළ පාලම බිඳුණා",සිතුවිලි සංගිලි පාලම,සංගිලි පාලම,සිතුවිලි,සංගිලි පාලමක් මෙන් සිතිවිලි එක ලෙස නොපවතී
ඔබ මලක් වෙලා,Oba Malak Wela,සෝමතිලක ජයමහ,Somathilaka Jayamaha,සුනිල් ආරියරත්න,Sunil Ariyarathne,සෝමතිලක ජයමහ,Somathilaka Jayamaha,ඔබ මලක් වෙලා වන අරනේ පිපේවී මා සුළං රැලක් වී ඔබ පිස හමාවී පුර සඳක් වෙලා ඔබ අහසේ දිලේවී මා ගඟක් වෙලා සඳ එළියේ ගලාවී සුළඟ වෙසින් මා එන කල ඔබේ සුවඳ සෑහේ මට මල් මුව රද ඔබ සමඟයි මලේ සුවඳ මා අසලයි ගඟක් වෙලා මා යන කල ඔබේ එළිය සෑහේ මට පුර හද නිළඹර සමඟයි සඳේ එළිය මා අසලයි,ඔබ මලක්,මල,ඔබ,ඔබ මලක් මෙන් සුන්දරයි
නුග සෙවණක් සේ,Nuga Sewanak Se,සෝමතිලක ජයමහ,Somathilaka Jayamaha,සුනිල් ආරියරත්න,Sunil Ariyarathne,සෝමතිලක ජයමහ,Somathilaka Jayamaha,නුග සෙවණක් සේ ඔබට සෙවණ සදන්නම් ළඳුනි මද පවනක් සේ ඔබට සිසිල සදන්නම් ළඳුනි ගංගාවකි මා සුනිමල් පවසට ඉන් පැන් ලබන්න ගංගාවකි මා සුනිමල් පවසට ඉන් පැන් ලබන්න මල් සුවඳකි මා වනකල් ඒ සුවඳින් සුවඳ වන්න සද පහනකි මා නිකැලැල් අඳුරට ඉන් එලිය ගන්න සද පහනකි මා නිකැලැල් අඳුරට ඉන් එලිය ගන්න ඔරුවක් වෙමි මම සැමකල් දිවිසයුරෙන් එතෙර වන්න,නුග සෙවණක් සේ ඔබට සෙවණ සදන්නම්,නුග සෙවණ,ඇයට ලබා දෙන සෙවණ,මම ඔබට නුග ගසක් මෙන් සෙවණ ලබා දෙන්නම්
ඇරඹුමම කඳුළක්‌ වෙලා,Arambumama Kandulak Wela,කසුන් කල්හාර,Kasun Kalhara,දිලීප අබේසේකර,Dileepa Abeysekara,නාලක අංජන කුමාර,Nalaka Anjana Kumara,"ඇරඹුමම කඳුළක්‌ වෙලා මා බලා ඉද්දී ඒ දිහා
ආ දුරත් දුර වැඩි නිසා
අවසානයට පෙර ඈ ගියා…


දුක්‌බරම කවියක්‌ ලියා
එහි පද පෙළක්‌ අඩුවෙන් තියා…//
අරුත පසදින්නට කියා
අවසානයට පෙර ඈ ගියා…
 
ශෝකාන්තය එන තුරා
එහි රැඳෙන්නට සිත් නැති නිසා…//
අනන්තය ළඟ මා දමා
අවසානයට පෙර ඈ ගියා…",ඇරඹුමම කඳුළක්‌ වෙලා,කඳුල,ඇරඹුම,ප්‍රේමය ආරම්භයේදීම එහි ඉමක් නොදකින දුක්බර කඳුලක් බව පසක් වී ඇත
කැමීලියා මල්,Kamiliya Mal,කසුන් කල්හාර,Kasun Kalhara,චමින්ද රත්නසූරිය,Chamina Rathnasooriya,කසුන් කල්හාර,Kasun Kalhara,"කැමීලියා මල් සුවඳට
සඳ කෙමි මත් පා තිය තිය
මගේ කුටියේ කවුළුදොරින්
නිදි බින්ද දෑස ඒ ඔබමද සින්ඩරෙල්ලා
නිදි බින්ද දෑස ඒ ඔබමද සින්ඩරෙල්ලා
සකුණ ගීය සැඟවී යන
පළා පැහැයෙ අළු තවරා
සැන්දෑ අඳුර ගේන පවන වගේ සියුම් සරින්
ඈත එපිටින් හදට වඩින් සින්ඩරෙල්ලා
සුසුදු හංස පියාපතින්
ගෙත්තම් කොට නිමවා
ඇන්ද සිනිඳු සේද සළුව වළාකුලෙන් අතුරා
යන්න ගියේ බිය හිතිලද සින්ඩරෙල්ලා",ඇන්ද සිනිඳු සේද සළුව වළාකුලෙන් අතුරා,වලාකුළ,ඇන්ද සිනිඳු සේද,ඇන්ද ඇඳුම සිනිඳු වලාකුලක් වැනිය
සිතුම් පැතුම් සඳ ආදරේ,SIthum Pathum Sanda Adaree,"ඇන්ජෙලින් ගුණතිලක, එච්. ආර්. ජෝතිපාල","Angelin Gunathilaka,H.R.Jothipala",ප්‍රේමකීර්ති ද අල්විස්,Premakeerthi De Alwis,පී. එල්. ඒ. සෝමපාල,P. L. A. Somapala,"සිතුම් පැතුම් සඳ ආදරේ උදා වේ දෝ
මහදේ සොඳුරු අහසේ අනාගතේ
සිතුම් පැතුම් සඳ ආදරේ උදා වේ දෝ
මහදේ සොඳුරු අහසේ අනාගතේ  
පැණි සොයමින් බඹරුන් එනවා 
පැණි බී යළි උන් ඉගිලෙනවා
පැණි සොයමින් බඹරුන් එනවා 
පැණි බී මල වට ඉගිලෙනවා
තනි වුණු කතරක මා ඉන්නේ 
කෙළෙසද පිය මැන පිටවන්නේ
හදවත විල් දිය චංචල වේ 
ගැඹුරට මගෙ නෙත සිත යොමුවේ
හදවත විල් දිය චංචල වේ 
ගැඹුරෙහි වැලි මත මුතු හමුවේ
සැතපෙන කල දුටු නිදි යහනේ 
එළි වෙයි දෝ මේ දුටු සිහිනේ
",පැණි සොයමින් බඹරුන් එනවා,බඹරු,තරුණයින්,තරුණියන් සොයා තරුණයින් පැමිනෙනවා
සිනහා පා සඳ සේ,Sinha Pa Sanda Se,එච්. ආර්. ජෝතිපාල,H.R.Jothipala,Unkown,Unkown,Unkown,Unkown,"සිනහා පා සඳ සේ 
ඔබ යලි මා උමතු කලේ
ඔබගේ ජීවිතයේ ආදරයේ උල්පත වේ
සිනහා පා සද සේ
ඔබ යලි මා උමතු කලේ
රන් විමනේ දොර ඇරලා
ඔබයි පැමිණි ඇතුල් වුවේ
මෝහනියේ ඔබ දැකලා
ඉතින් මා නෑ එපයි කීවේ
දෑත විදාලා    දෑත පුදලා
අදර පාලා මා හද දීලා
මම කැප වෙන්නම්
නෙත් යුවලේ සිර කරලා
ඔබේ රූපේ තියා ගන්නම්
සුන්දරියේ ඔබ නොදුටු
මැණික් තොරා ගෙනත් දෙන්නම්
දවස ගෙවේවි හෙට එලි වේවි
ප්‍රිය සිහි වේවි මා සතු වේවි
පැතුම් පිපේවා
",මෝහිනියේ ඔබ,මොහිනී,යුවතිය,මොහිනියක් මෙන් බියකරු නමුත් රූමත් යුවතිය
වාසනාව දොර ඇරලා බලනවා,Wasanawa Dora Arala Balanawa,"එච්. ආර්. ජෝතිපාල, එම්. එස්. ෆර්නෑන්ඩෝ","H.R.Jothipala, M.S Fernando",කරුණාරත්න අබේසේකර,Karunarathna Abeysekara,සරත් දසනායක,Sarath Dasanayake,"වාසනාව දොර ඇරලා බලනවා 
සිහින ලොවින් සිත පිබිදෙනවා
හිනා හීනෙන් දැකලා ජීවිතේ රහ වැටිලා
අපේ හිතේ හිනා ඇඳේ සෝක නිවීලා 
ඇසට ඇසක රැස් වැදී හිතක නෙළුම් මල් පිපී
මුළු ලෝකේ මඟුල් ගෙයක් වේ
සන්තෝසේ ආවේ මල් සිහිනේ යාවේ 
දුක සෝකේ යයි ඇතක පාවීලා
සිහින තොටිල්ලේ වැදී දෑස ආදරෙන් හිඳී
පෙම් ලෝකේ රන් තොරන් බඳී
සන්තෝසේ ආවේ මල් සිහිනේ යාවේ 
දුක සෝකේ යයි ඇතක පාවීලා
",මුළු ලෝකේ මඟුල් ගෙයක් වෙයි,මඟුල් ගෙය,ලෝකය,මුළු ලෝකයම මඟුල් ගෙයක් මෙන් උත්සවශ්‍රීයෙන් බබලයි
දිය පොදක් වෙමින්,Diya Podak Wemin,එච්. ආර්. ජෝතිපාල,H.R.Jothipala,කරුණාරත්න අබේසේකර,Karunarathne Abeysekara,සරත් දසනායක,Sarath Dasanayake,"දිය පොදක් වෙමින් තොල් වියලෙන පිපාසෙට
නුග රුකක් ලෙසින් උතුරා යන විඩාවට
පිපි මලක් උනා මල් නොපිපුණු තටාකෙට
ඔබ අගෙයි ළඳේ හෙට අදටත් වඩා මට
අරුත් සුන් වදන් පවසන ගිරවු දොඩමලු
හෙටත් නගපුදෙන් ඔය කිචිබිචිය සුළු සුළු
තිගැස්සී සැනින් ඔබ විය යුතුද බියගුළු
දකින්නට ලැබෙයි අපටත් සිසිල අරුණළු 
ඔබේ ප්‍රිය වදන් පුදදෙන සහන සිතිවිලී
අරන් එයි පෙරන් අපමණ සුවය සැනසිලී
සුගන්ධය ලෑබූ දින ඇත අවට වෙලි වෙලී
මගෙන් රන්මලී කුමටද සැලෙන තරු එලී
",දිය පොදක් වෙමින් තොල් වියලෙන පිපාසෙට,දිය පොද,සැනසීම,ආදරයක් නොලත් ජීවිතය සහනයක් සැනසීමක් වෙමින්
දිය කිඳුරිය සේ සාගරේ,Diya Kinduriya See Saagaree,එච්. ආර්. ජෝතිපාල,H.R.Jothipala,උපාලි ධනවලවිතාන,Upali Dhanawalawithana,සරත් ද අල්විස්,Sarath de Alwis,"දිය කිඳුරිය සේ සාගරේ දෝතින් ගෙන ආ ආදරේ
මහද විමනේ ආල සිතුවම් රුවන් රූ පිලිරූ මැවේ
කිව මැන ඔබ කව්දෝ ලදේ...
දේහ ලතාවේ රූසිරු වරුනේ 
නොදැනී මේ නෙත යාවෙලා
දිගුනිල් වරලේ නිළුපුල් නයනේ 
සැගවේවා අද පාවෙලා
මිනිදැල් පරදා හසකැන් නැගුනා 
පෙම් ඇරයුම් ගෙන ආ නිසා
මනසේ ඇදුනා‍ දෙනෙතින් මිදුනා
සිහිනය සේ නොපෙනී ගියා
මේ දිවි ගමනේ රන් ටැඹ ඔබවේ 
උපදින සසරේ වාසනා 
දෙදෙනා හමුවී පෙරදා සසරේ 
උන්නා සේ මට ලංවෙලා
සුපුරුදු සුවඳයි ඔබ ලඟ රැදුනේ 
කව්රුන්දෝ මේ රූපිකා
හිරුදැක දිලෙනා පිණි මල වාගේ 
ඔබ ඇසුරෙන් වෙන්වී නොයා
රෑ තනි ඉවුරේ ඈත ඉසව්වේ 
දෙදෙනා යමු පෙම් චාරිකා
තනිවෙමු ඔබ මා මේ සැණකෙලියේ 
ඔබ‍ටයි මේ පෙම් ගීතිකා
",මේ දිවි ගමනේ රන් ටැඹ ඔබවේ,රන් ටැඹ ,ඔබ,ජීවිතයට රැකවරණය ගෙනෙන රන් ටැඹ වැනිය ඔබ
දිලි දිලි දිලීසේවි ‍,Dili DIli Diliseewi,එච්. ආර්. ජෝතිපාල,H.R.Jothipala,ශ්‍රී නිහාල් ජයසිංහ,Siri Nihal Jayasingha,සරත් ද අල්විස්,Sarath de Alwis,"දිලි දිලි දිලීසේවි ‍මා දෑසෙ ආලෝකෙ
කව්දෝ මාන බලන්නේ ඔබ ලඟ මා ඉන්නේ
හිතවත මේ ලෝකේ බොරුවෙන්ද ජයගන්නේ
සතුරා සමඟ සිනාසී මිතුරා සේ ඉන්නේ
ඇස්බැන්දුමක් වාගේ මේ ලෝ තලේ
මොහොතින් බිදී යාවී සිතු සෑමදේ...
අපගේ සිහින පාරුවේ පාවී
සයුරේ ඈත ජීවිතේ යාවී..
මල් වර වී යෞවනේ සල් වනේ ආදරේ 
කව්දෝ මවා පාන මායාවකි
ඔබගේ ලගින් ඉන්නෙ ඡායාවකි
ඔහුගේ දෑස ඔබ සොයා යන්නේ
සැගවූ රහස නැ ප්‍රෙමේ දන්නේ
මල් වර වී යෞවනේ සල් වනේ ආදරේ 
",මල් වර වී යෞවනේ සල් වනේ ආදරේ,සල් වනය,යෞවනේ,යෞවනේ සල් වනයක් මෙන් සුන්දර ආදරයෙන් පිරී ඇත
ජීවිතේ තරුණ කාලේ,Jeewithe Tharuna Kaale,එච්. ආර්. ජෝතිපාල,H.R.Jothipala,කරුණාරත්න අබේසේකර,Karunarathne Abeysekara,ආර්. මුත්තුසාමි,R. Muththusami,"ජීවිතේ තරුණ කාලේ එක සේ නොරැ‍‍ෙඳ්
සොයමී… සෑම වේලේ සිතුදේ පැතුදේ
ආදර රසේ සිතුසේ ලබන සේ
බඹරා බමන සේ යම් මම් නිදහසේ
සතුටයි දුකයි එක සේ දැනේ
අනන්ත සුන්දර දිවි මල් උයනේ
රෑ ගණඳුරේ දිලෙනා පහන සේ
බාදා මැද මෙසේ බලමී ලොව රසේ
අහසයි බිමයි නිවසයි මගේ
හෙටක් කෙරේ නැහැ විශ්වාසේ
",දිවි මල් උයනේ,මල් උයන,දිවිය,මල් උයනක් වැනි සුන්දර ජීවිතය
හද විමන් දොරින්,Hada Viman Dorin,"ඇන්ජෙලින් ගුණතිලක, එච්. ආර්. ජෝතිපාල","Angelin Gunathilaka,H.R.Jothipala",කරුණාරත්න අබේසේකර,Karunarathne Abeysekara,සරත් දසනායක,Sarath Dasanayake,"හද විමන් දොරින් එන පැතුම් පවන් විහිද යයි හමා
පියඹනා කල්පනා රසේ දේයි අමා
මල් උයන් තුලින් විල් ගඟුල් මැදින් සුගන්දය ගලා
එකතු වී කිති කැවී රැඳී එක්වෙලා
සාගරයේ සිසිල් රැල් නැගි නැගී බිඳේ
ආදරයේ සුපෙම් කැන් දිලි දිලී සැලේ
ආකාසේ සඳේ ලප නැත මැකී ගියේ
ආදරයේ පුරාණේ හිත ඇදී ගියේ
උදා වූ වසන්තේ සදාකල් රැඳේවා 
මී වදයේ ගුම් නදින් මත් වෙලා ඉමී
ගී තනුවේ වදන් වැල් ලෙස ඇදී එමී
ලෝ තලයේ අලුත් පෙම් කතාවක් ලියා
පා කරමූ සුනිල්වන් වලාවක් සොයා
උදා වූ වසන්තේ සදාකල් රැඳේවා
",හද විමන් දොරින්,විමන,හදවත,දිව්‍ය විමානයක් වැනි ලස්සන හදවත
කඳුල ඉතින් සමා වෙයන්,Kandula Ithin Samaweyan,කීර්ති පැස්කුවෙල්,Keerthi Pasquel,ලක්මාලි කාරියවසම්,Lakmali Kariyawasam,සුරේෂ් ද සිල්වා,Suresh De Silva,කඳුල ඉතින් සමා වෙයන්\nඅපි වෙන් වෙමු අද හවසට\nමගේ ගෙපැලට ඇය එනවා\nසිරි යහනේ තනි රකින්න\n\nකඳුල ඉතින් සමා වෙයන්\nඅපි වෙන් වෙමු අද හවසට\nමගේ ගෙපැලට ඇය එනවා\nසිරි යහනේ තනි රකින්න\n\nකළු වලාව නැඟෙන්න එපා\nගඟට උඩින් හැන්දෑවට\nමුදුන් ලීය යටින් පොළවේ\nගොම හේදෙයි අලුත් පිටම\n\nකන්ද කපා හඳ පායා\nසඳ රැස් යහනට වඩින්න\nසඳ එලියෙන් ඇගේ ගතේ\nපිපි ගෝමර මල් දකින්න\n\nකඳුල ඉතින් සමා වෙයන්\nඅපි වෙන් වෙමු අද හවසට\nමගේ ගෙපැලට ඇය එනවා\nසිරි යහනේ තනි රකින්න\n\nමල් දෙවැටේ වතුසුදු මල්\nපිපේවී ඈ පිළිගන්නට\nකොපුල් තලා ඔමරි සිනා\nමතු වෙයි මල් පරදන්නට\nබිළිඳු ගෙනා කිරි සුවදක්\nගෙපැල දොරෙන් හමා එන්න\nඉඩ දීයන් වලා කුලේ\nමගේ හීනයේ මල් පිපෙන්න\n\nකඳුල ඉතින් සමා වෙයන්\nඅපි වෙන් වෙමු අද හවසට\nමගේ ගෙපැලට ඇය එනවා\nසිරි යහනේ තනි රකින්න\n\nකඳුල ඉතින් සමා වෙයන්\nඅපි වෙන් වෙමු අද හවසට\nමගේ ගෙපැලට ඇය එනවා\nසිරි යහනේ තනි රකින්න\nමගේ ගෙපැලට ඇය එනවා\nසිරි යහනේ තනි රකින්න\nමගේ ගෙපැලට ඇය එනවා\nසිරි යහනේ තනි රකින්න\nමගේ ගෙපැලට ඇය එනවා\nසිරි යහනේ තනි රකින්න\nමගේ ගෙපැලට ඇය එනවා,කඳුල ඉතින් සමා වෙයන්\nඅපි වෙන් වෙමු අද හවසට,කඳුල,දුක,අදින් මගේ දුක නැති වී සතුට ගෙන එනවා
නිසංසල සඳක්,Nisansala Sandak,ශෂිකා නිසංසලා,Shashika Nisansala,ශාන්ත ජයලත් තිසේර,Shantha Jaylath Thisera,ශාන්ත ජයලත් තිසේර,Shantha Jaylath Thisera,නිසංසල සඳක්\nපැතුම් මල් ගොඩක්\nසුපෙම්බර හදක් ළඟ සිත\nනැවතෙනා හැඩක්\n\nනිසංසල සඳක්\nපැතුම් මල් ගොඩක්\nසුපෙම්බර හදක් ළඟ සිත\nනැවතෙනා හැඩක්\n\nහමුවෙලා හවස දොළ දෙණියේ කුඹුර ළඟ\nඔබ කතා කළා රන් මැණිකේ කියා මට\nමම මුතු මැණිකේ\nඔබට විතරම විතරයි රන් මැණිකේ\n\nනිසංසල සඳක්\nපැතුම් මල් ගොඩක්\nසුපෙම්බර හදක් ළඟ සිත\nනැවතෙනා හැඩක්\n\nනිසංසල සඳක්\nපැතුම් මල් ගොඩක්\nසුපෙම්බර හදක් ළඟ සිත\nනැවතෙනා හැඩක්\n\nපීදිලා දිලෙන ඔය රන්වන් කරල් දැක\nඅම්මලා වුනත් විරසක වෙනවාද හෙට\nසුදු කරල් එපා\nඔබගෙයි මගෙයි පෙම් කෙතට\n\nනිසංසල සදක්\nපැතුම් මල් ගොඩක්\nසුපෙම්බර හදක් ළඟ සිත\nනැවතෙනා හැඩක්\n\nනිසංසල සදක්\nපැතුම් මල් ගොඩක්\nසුපෙම්බර හදක් ළඟ සිත\nනැවතෙනා හැඩක්,නිසංසල සඳක්;පැතුම් මල්,සඳ;මල්,කාන්තාවක්;පැතුම්,අහිංසක නිවුණු ගැහැණු කෙනෙක්;මල් වැනි පිවිතුරු ප්‍රාර්ථනාවන්
සිහිනයේ දොරකඩ.,Sihinaye Dorakada,ප්‍රදීපා ධර්මදාස,Pradeepa Dharmadasa,රත්මලේ බන්දුල ගුණවර්ධන,Rathmale Bandula Gunwardane,රෝහණ වීරසිංහ,Rohana Weerasinghe,"සිහිනයේ දොරකඩ....
නොපිපෙන පැතුමකි ඔබ මට ..
නිදි නැති සිත ගිනි අවුලන...
සැඩ මාරුතයක් විය ඔබ මට....
.....
මේ තරම්....කදුළු වරුසා ....
මේ තරම් ඇයි සොදුරු යෞවනයට
ජීවිතය මැකෙනා .........
අවපසේ සඳ විලසට.....

රැයෙන් රැය දිගු කාලයක් වී
මේ තරම් ඇයි දුකක්....
ඔබ අහිමිව..
සෙනෙහසින් වඩිනා ...
හද සුවඳ කෝ කොතනද?.....",සැඩ මාරුතයක් විය ඔබ;කඳුලු වරුසා,සැඩ මාරුතය;වරුසාව,ඔබ;කඳුළු,සැඩ මාරුතයක් මෙන් ඔබ දරුණුයි;මහ වර්ෂාවක් මෙන් කඳුලු ගලයි
ගමන් මගක් තිබුණාද,Gaman Magak Thibunaada,එඩ්වඩ් ජයකොඩි,Edward Jayakodi,කුමාරදාස සපුතන්ත්‍රි,Kumaradaasa Saputhanthri,රෝහණ වීරසිංහ,Rohana Weerasinghe,"ගමන් මගක් තිබුණාද මේ ප්‍රේම චාරිකාවේ...
ගිමන් හලක් හමුවීද මේ ප්‍රේම චාරිකාවේ...

නෙතින් ගැලු කඳුළින් මිදෙන්නට
හිතේ සුසුම් ගිනි දැල් නිවා
ඔබයි මමයි හැමදා හිඳින්නද
ඉරයි හඳයි මියෙනා තුරා...
අපේ පෙම් ලෝකයේ...

ගමන් මගක් විමසා බලන්නට
කෙනෙක් නොවී නෙත් මානයේ
ඔබත් මුලා විය මමත් මුලා වුණි
ඉමක් කොනක් නැති මාවතේ...
විරහ පෙම් මාවතේ ...",හිතේ සුසුම් ගිනි දැල්,ගිනි දැල්,හිතේ සුසුම්,ගිනි දැල් මෙන් දැවෙනා වෙදනාත්මක සිතේ සුසුම්
පලංචියේ ලී ඉරුවේ,Palnchiye Lee Iruwe,"එඩ්වඩ් ජයකොඩි, සුනිල් එදිරිසිංහ","Edward Jayakodi, Sunil Edirisinghe",වසන්ත කුමාර කොබවක,Wasantha Kumara Kobawaka,රෝහණ වීරසිංහ,Rohana Weerasinghe,"පලංචියේ ලී ඉරුවේ අපි එකට

මල් පැන් පොදක් රහ බැලුවේ අපි ‍එකට
එක වාඩියේ කල් ඇරියෙත් හිත හොදට
ඇයි මස්සිනේ පෙම් කලේ අපි එක මලට

විරසක වී රුපුන් ලෙස යුද වදින්නද
කුළුදුල් පෙම මෙයයි ඉන් අත් ‍මිදෙන්නද..
පෙම්දම් නිසා මිතුදම් සිඳ දමන්නද..
හොදහිත නුඹෙ තරම් ලොවකින් ලබන්නද..

පලංචියේ...//

දොඩමලු කතා නැහැ අද වාඩිය හෙවනේ
නිදිනැති රැය පුරා නුඹෙ සුසුමයි ඇසුනේ..
හොර රහසින්ම එක සුවඳක් පැතු පවනේ
නුඹවත් නැතිවේද හෙට මට සකි සඳුනේ...
පලංචියේ...//",මල් පැන් පොදක්,මල් පැන්,මත් පැන්,මල් පැන් වැනි මත් පැන් රහ බලන්නද
සුබ ප්රාර්ථනා කියමන්,Suba Prarthana Kiyaman,ගුණදාස කපුගේ,Gunadasa Kapuge,ලූෂන් බුලත්සිංහල,Lushan Bulathsinhala,ගුණදාස කපුගේ,Gunadasa Kapuge,"සුබ ප්රාර්ථනා කියමන්
සුබ ප්රාර්ථනා කියමන්
මා වටකර සතර දෙසින්
ගිලිහෙන මුත් මුවට මුවින්
ඔබේ මුවින් නැති පැතුමන්
මට නැත අගනේ
සුබ ප්රාර්ථනා කියමන්
සුබ ප්රාර්ථනා කියමන්
සුබ ප්රාර්ථනා

මා ඈ කර මාල බඳින්නේ
ඔබේ නෙත් තරු සැලී දිලින්නේ
මා ඈ ගත සළු පළඳන්නේ
ඔබේ නෙත් අග කඳුළු පිරෙන්නේ
ගිගුම් හඬින් මගුල් සිලෝ
පෝරුව දෙදරයි

සුබ ප්රාර්ථනා කියමන්
සුබ ප්රාර්ථනා කියමන්
සුබ ප්රාර්ථනා

මධුසමයට මගට බහින්නේ
ඔබෙ නෙත් පෙර මග හමුවන්නේ
රහසින් බැඳි පෙම සිහිවන්නේ
අප මින් මතු නැත හමුවන්නේ
ඔබ අන්සතු ළඳක් කියා
ඇයි මට කීවේ

සුබ ප්රාර්ථනා කියමන්
සුබ ප්රාර්ථනා කියමන්
සුබ ප්රාර්ථනා",ඔබේ නෙත් තරු,තරු,ඔබේ නෙත්,ඔබේ නෙත් තරු මෙන් දීප්තිමත්
"නාමල් පිපිලා
මේ වැව් ඉවුරේ",Namal Pipila ,ටී.එම්.ජයරත්න,T.M.Jayarathna,කුලරත්න ආරියවංශ,Kularathna Ariyawansa,රෝහණ වීරසිංහ,Rohana Weerasinghe,නාමල් පිපිලා මේ වැව් ඉවුරේ නා තුරු සෙවනැල්ලේ මල් පාවඩ සැදිලා බලා හිඳින්නේ ඔබේ දෙපා පොඩි සිප ගන්නයි පාළු සැඳෑවේ මේ වැව් ඉවුරේ මගේ දෙනෙත් මග බලා සිටින්නේ පාළු සැඳෑවේ මේ වැව් ඉවුරේ මගේ දෙනෙත් මග බලා සිටින්නේ පුරා හඳක්සේ වනලිය අතරින් ඔබේ සිනාවත පිපෙන තුරා  නීල තලාවේ මේ ගඟුලැල්ලේ රිදී කඳන් සැලි සැලී රඟන්නේ නීල තලාවේ මේ ගඟුලැල්ලේ රිදී කඳන් සැලි සැලී රඟන්නේ නදී සඳැල්ලේ රන්කම් විලසින් ඔබේ දෙපා යුග නැගෙන තුරා ,පුරා හඳක්සේ වනලිය අතරින් ඔබේ සිනාවත පිපෙන තුරා,සඳ,ඔබේ හිනාව,ඔබේ හිනාව සඳක් සේ මා සිත ආලෝකමත් කරයි
නෙතු පියන් පියා,Nethu Piyan Piya,බණ්ඩාර අතාවුද,Bandara Athawuda,රත්න ශ්‍රී විජේසිංහ,Rathna Sri Wijesinghe,ගුණදාස කපුගේ,Gunadasa Kapuge,"නෙතු පියන් පියා මුතු දසන් වසා
නිදි දැහැන් වැදී කුමරී
සිහිනයෙන් වඩී මා ළඟින් ඉඳී
මව් පියන් බලා නො ඉඳී

කැට මුගුරු වැදී තටු සඟළ බිඳී
ඉගිලෙන්නට නොහැකිද කුමාරියේ
සිහින මුවා තටු සලා වරෙන්
සුභ ප්‍රාර්ථනා වෙත කුමාරියේ

නෙතු පියන් පියා...

ඉරිසියා හිති බොරු ගොතා කියූ
ඒ සුරංගනාවන් නිදා සිටී
හිරුට මුහුණු ලා පියාඹපන්
සුභ ප්‍රාර්ථනා වෙත කුමාරියේ

නෙතු පියන් පියා...",නෙතු පියන් පියා; මුතු දසන් වසා,පියන්;මුතු,නෙතු;දසන්,කවුළු පියන් වැනි නෙත් වසා;මුතු වැනි දිලිසෙන දසන් වසා
හඬන පන නල යදින සැනසුම,Handana Pana Nala Yadina Sanasuma,සුනිල් එදිරිසිංහ,Sunil Edirisinghe,කේ.ඩී.කේ ධර්මවර්ධන,K.D.K. Dharmawardana,ලක්ෂ්මන් විජේසේකර,Lakshman Wijeseekara,"හඬන පන නල යදින සැනසුම
දැවී යයි හද චිතකයේ
කඳුලු බිඳුවක සිසිල පමනකි
වියලි කතරට හිමි වුනේ . .

යොවුන් සිතිවිලි විපිලිසර වී
මහළු ලොව තුල මිය ඇදේ
සයින් පීඩිත හඬන සුරගුරු
යදී සිඟමන් මාවතේ

රකුසු පියසක පිපුනු කුසුමක
මලවි හමුවන පින නැතේ
දෑස නැති විට නුහුරු මංපෙත
සරන පා යුග පටලැවේ",දෑස නැති විට නුහුරු මංපෙත සරන පා යුග පටලැවේ,නුහුරු මංපෙත සරන පා යුග,දෑස නැති අයෙකුගේ ආදරය,දෑස නැති මිනිසෙකුට සරණක් නැති මෙන් ආදරයක් නොමැතිව මේ ජීවන ගමන තනිව යාමට අපහසුයි
මං මුලා වී,Man Mula Wee,ගුණදාස කපුගේ,Gunadasa Kapuge,සුනිල් ආරියරත්න,Sunil Ariyarathne,ගුණදාස කපුගේ,Gunadasa Kapuge,මං මුලා වී පාර හොයාගෙන හසරක් අසමින් යන ගමනේ මං මුලා වූ සමනලියකගෙනි පාර අසා…… තිබුනේ ඇයත් නොදන්නිය ඇය යන මානය උන් හිටි තැන් මතකය අඩමානය පාර කියන්නේ කෙලෙසද මා හට ඇයටද පාරක් ඇති නැති ගානය අප හමු වූයේ මන්දැයි නොදනිමි පාර ඇසූවේ ඇයි දැයි නොකියමි අපේ ගමන අද නවතනු හැකි නම් අප යන ගමනද අද මෙතැනින් නිමි,මුලා වූ සමනලියකගෙනි,සමනලිය,ඇය,නැවතුමක් නැති එහෙ මෙහෙ පියාඹන සමනලියක් මෙනි ඇය
සීත රෑ යාමේ,Seetha Raa Yamee,සනත් නන්දසිරි,Sanath Nandasiri,සුනිල් ආරියරත්න,Sunil Ariyarathne,ප්‍රේමසිරි කේමදාස,Premasiri Kemadasa,සීත රෑ යාමේ අඳුරේ වාසනා නිල් දෑස පායා ආදරේ උණුසුම් සුසුම් වැල් මා හදේ රහසේ රැඳුනා දුලීකා… දුලීකා… දුලීකා… දුලීකා… මා බලා සිටියා දිවා රෑ කල්පනා යහනේ නෑ එවන් රුව තාම දුටුවේ නාඳුනන සිහිනේ මා ඔබේ හසරැල් ජලාශේ කිමිදෙනා මොහොතේ ඔබ සොයා එන්නම් ඉගිල්ලී තාරකා එළියේ,ඔබේ හසරැල් ජලාශේ,ජලා ශය,හසරැල්,ජලාශයක් වැනි සුන්දර සිනහවන්
හිත වාවන්නේම නෑ,Hitha Wawannema Na,භාතිය සන්තුෂ්,Bhathiya Santhush,සම්පත් ප්‍රනාන්දුපුල්ලේ,Sampath Pranandupulle,අමිල ප්‍රනාන්දු ,සම්පත් ප්‍රනාන්දුපුල්ලේ,"හිත වාවන්නේම නෑ, ඔබ අයෙත් එන්නෙ නෑ
මම තාම දන්නෙ මා ඔබේ කියා
හිරි කෝඩු මැදියම් රෑ, දුන් හීන එලිවෙන් නෑ
ඔබ තාම දන්නෙ ඔබ මගේ කියා //
මම තාම දන්නෙ මා ඔබේ කියා

සුසුමන් කියා නොදුන්නු, ජීවිතේ සුපෙම් කතාව
කියා දුන්නෙ ඔබමයි ලදේ //
දෑසත් පියාන උන්නෙ, බැරිද තාම අවදිවෙන්න
බලා ඉන්න බෑ මට තවත්
සීතලෙන් මා වෙලී, දෙනුවන් පහන් නිවි
ඔබ යන්නෙ ඇයි ආදරි //

හිත වාවන්නේම නෑ....

උකුලේ නිදාන උන්නු කාලෙ ආයෙ එන්නෙ නෑ නේ
තනිවෙන්න බෑ මට ඉතින්
කෙහෙරෙල්ලෙ ගෑවි ගෑවි සුවද සෙව්ව මා එදා
ලන් වෙලා ඉන්න බෑ ඉතින්
ආදරේ නෑ ඔයා, පාඩුවේ මා හෙලා
ඔබ යන්නෙ ඇයි ආදරී // 

හිත වාවන්නේ නෑ.....   ",දෙනුවන් පහන් නිවි,නිවුනු පහන,ඇස්,පහනක් නිවූ පසු ආලෝකය නැති මෙන් ඔබේ දෙනුවන් වසා ඇත
නීල නුවන් යුග,Neela Nuwan Yuga,චන්ද්‍රලේඛා  පෙරේරා,Chandraleka Perera,සුනිල් ආරියරත්න,Sunil Ariyarathne,රෝහණ වීරසිංහ,Rohana Weerasinghe,නීල නුවන් යුග කවියක් විය ඔබගේ පන්හිඳ තුඩගේ පැටලී ඇයගේ හදින් ගැලු සෙනෙහස සිතුවමක් විය තෙලි තුඩගේ දැවටී පිනි දිය මිදෙනා මිටියාවත මැද ගෙපැලේ පිල මත හිඳ හිමිදිරියේ පිනි දිය මිදෙනා මිටියාවත මැද ගෙපැලේ පිල මත හිඳ හිමිදිරියේ ඇයගේ දෑසින් කියවූ කවියද මුමුණන්නේ තනි වී රළ රැලි හඬනා පුලින තලාවේ නැවතී දේදුනු සායම කලතා රළ රැලි හඬනා පුලින තලාවේ නැවතී දේදුනු සායම කලතා ඇගේ හදේ දුටු සිතුවම දෝ ඔබ සමරන්නේ තනි වී,සෙනෙහස සිතුවමක් විය,සිතුවම,සෙනෙහස,ඇයගෙ සෙනෙහස මනසෙහි විඩා නිවනා සිතුවමක් වැනිය
බිම්බරක්,Bimbarak,ගුණදාස කපුගේ,Gunadasa Kapuge,රත්න ශ්‍රී විජේසිං,Rathan Sri Wijesinghe,ගුණදාස කපුගේ,Gunadasa Kapuge,බිම්බරක් සෙනග ගැවසුන චන්ද්‍ර සූර්යා ඉපදුන ස්වර්ණ භූමියේ මනරම් මාළිගාව කෝ යුද්දේකට ඇවිත් රුපුසෙන් සත් මුහුදුමතින් ගුවනින් කම්බි වට කලේ මනරම් මාළිගාවදෝ මාළිගාවදෝ ට්‍රැක්ටරේ යකඩ ගජසෙන් කුංචනාදයෙන් ඇලළුන වෘක්ශ දේවතාවන් බිම වැටී පණ ගසයි මිනී මල් පිපුන සීතල නිම්න භූමියේ ඇටකටු හතර රියන් කඩ අහිමිව විලාපය නගයි විලාපය නගයි කැළෑ මල්පිපී රතු තොල් වලින් කෑගසා ඉල්ලන ජාතියේ නිධානය රන් රුවන් කරඬු කොයි වෑකන්ද කඩා බිම්කටු කම්බියෙන් බෙදා මේ රණ බිමේ හිසගසා දමනා කඩුව බිම දමව් කඩුව බිම දමව්,වෘක්ශ දේවතාවන්,දෙවියන්,වෘක්ශ,ජීවය රකින් දෙවියන් වැනි ගස්
රෑ අහසේ,Rea Ahasee,ආත්මා ලියනගේ,Athma Liyanage,ප්‍රේමලාල් උඩුමුල්ල,Premalal Udumulla,ආත්මා ලියනගේ,Athma Liyanage,"රෑ අහසේ
තරු කැට පායා දිලුනා...
මා තනි වී
සිතිවිලි සයුරේ වෙලුනා...

තරු එළියක්‌ නිල් දෙනෙතට වැටිලා
සඳ කිරණින් ඔබෙ මුහුණ සේදිලා
ආදරයෙන් අප පියමං කෙරු හැටි
තරුකැට මා මතකයට ගෙනෙනවා
සිතට දැනෙනවා...

ඔබේ සුමුදු අත මා අත් පටලා
තරු දහසක්‌ පායා ඇති දිනයක
පියමං කෙරුවා පෙර අප දෙදෙනා
තරු කැට අතරේ රැඳී දිලෙනවා
සිතට දැනෙනවා...",සිතිවිලි සයුරේ,සයුර,සිතිවිලි,සාගරයක් මෙන් නිම නොවන සිතිවිලි සමූහය
සංසාර සාගරේ,Sansara Sagare,නන්දාමාලිනි,Nanda Malini,සුනිල් ආරියරත්න,Sunil Ariyarathne,සරත් දසනායක,Sarath Dasanayake,"සංසාර සාගරේ ජීවිතේ යාත්‍රාව\n ඔබ සොයා පදවන්නෙමී....\n ඔබ නිසා පදවන්නෙමී....\n සංසාර සාගරේ ජීවිතේ යාත්‍රාව\n ඔබ සොයා පදවන්නෙමී....\n ඔබ නිසා පදවන්නෙමී....\n ප්‍රදීපාගාරයක ආලෝක වළල්ලක් එවාලා\n ඔබ සිටින ගොඩබිමෙහි\n මං ළකුණු දන්වන්න\n නැංගුරම් ලන තැනට, පෙනෙන සේ ඔබ ඉන්න\n සංසාර සාගරේ ජීවිතේ යාත්‍රාව\n ඔබ සොයා පදවන්නෙමී....\n ඔබ නිසා පදවන්නෙමී....\n වෙරළ වෙත සැපත් මා\n දෝත පා පිළිගන්න සිනා සී\n දුර්ඝ වූ ගමන් මග විඩා ගිනි දුරලන්න\n යාත්‍රාව පදවන්න, මා සමග එක් වන්න\n සංසාර සාගරේ ජීවිතේ යාත්‍රාව\n ඔබ සොයා පදවන්නෙමී....\n ඔබ නිසා පදවන්නෙමී....\n සංසාර සාගරේ ජීවිතේ යාත්‍රාව\n ඔබ සොයා පදවන්නෙමී....\n ඔබ නිසා පදවන්නෙමී....",ජීවිතේ යාත්‍රාව; සංසාර සාගරේ,යාත්‍රාව; සාගරේ,ජීවිතේ; සංසාර,ජීවිතය එක තැනක නැවතී නැති යාත්‍රාවක් වැනි; කෙළවරක් නැති සාගරය මෙන් සසර
වාසනාවන්,Wasanawan,නන්දාමාලිනි,Nanda Malini,කුලරත්න අරියවංස,Kularathne Ariyawansha,රෝහණ වීරසිංහ,Rohana Weerasinghe,වාසනාවන් වාසනාවන්…\n ඔබේ දිවි මඟ වාසනාවේ සුවහසක් මල් පිපේවා\n ඔබේ ලෝකය පැතුම් කුසුමන් පිපී සුවඳින් පිරේවා\n වාසනාවන් වාසනාවන්..\n අහිමි වේ නම් ඔබේ ලෝකය\n දුරස් වී මා හිඳින්නම්\n සිතින් සිපගෙන ඔබේ පා යුග\n සදා සැනසී හිඳින්නම්..\n ඔබෙන් හඳුනාගත් මිනිස්කම\n තුළින් මා ලොව දකින්නම්\n ඔබේ සෙනෙහස වුවද මා ලද\n වාසනාවකි සිතන්නම්..,පැතුම් කුසුමන්,කුසුමන්,පැතුම්,මලක් මෙන් සුන්දර ප්‍රාර්ථනාවන්
අයන්න කියන්න ලොවටම ඇහෙන්න,Ayanna Kiyanna Lowatama Ahenna,නන්දාමාලිනි,Nanda Malini,සුනිල් ආරියරත්න,Sunil Ariyarathne,මර්වින් පෙරේරා,Mervin Perera,අයන්න කියන්න ලොවටම ඇහෙන්න\n එන්න මගේ මල්ලී\n දුවන්න පනින්න නටන්න ගයන්න\n එන්න මගේ නංගී //\n පාසල නම් රන් දෙවොලේ\n දෙවියන් වන් ගුරු කැළගේ\n සිත දිනමින් පා සෙවණේ\n ශිල්ප ලබා මතු දවසේ\n ලෝකය දකින්න\n එහි සැරිසරන්න\n එන්න මගේ මල්ලී\n එන්න මගේ නංගී\n අයන්න කියන්න ලොවටම ඇහෙන්න\n එන්න මගේ මල්ලී\n දුවන්න පනින්න නටන්න ගයන්න\n එන්න මගේ නංගී\n කාසි පනම් හිටි හැටියේ\n සතුරෝ ගෙන යති රහසේ\n පොතින් පතින් ලද දැණුමේ\n ධනය සදාකල් සුරැකේ\n ඥානය වඩන්න\n කාලය ගෙවන්න\n එන්න මගේ මල්ලී\n එන්න මගේ නංගී\n අයන්න කියන්න ලොවටම ඇහෙන්න\n එන්න මගේ මල්ලී\n දුවන්න පනින්න නටන්න ගයන්න\n එන්න මගේ නංගී\n එන්න මගේ මල්ලී\n එන්න මගේ නංගී ///,පාසල නම් රන් දෙවොලේ,රන් දෙවොලේ,පාසල,පුජනීය ස්ථානයක් වූ පාසල
ඉරි තැළුනු වලා,Iri Thelunu Wala,අමරසිරි පීරිස්,Amarasiri Peries,සමන් අතවුදහෙට්ටි,Saman Athawudahetti,තිස්සසිරි පෙරේරා,Thissasiri Perera,"ඉරි තැළුනු වලා උඩු වියන් යටින්
මුදු තාර ඇතිරිල්ලේ

යමු යමු යමු අපි ඇවිද යමු ප්‍රේමියේ

සිව් දෙසින් හඹා එන මොටෝ රථ රඟ
සෙනඟ රවටමින්
වටපිටේ සීරුවට විදුලි ඇස් සිනාසේවී

නොරැවටී යන්න යමු
කහ ඉරෙන් එතර වීලා
රිය පෙලේ කිරුළු හිමි රජවරුන් අත වනාවී

බිම බලන් යන්න යමූ
කහ ඉරත් රැළි වැටීලා",වටපිටේ සීරුවට විදුලි ඇස් සිනාසේවී,සිනාසෙන ඇස්,විදුලි ලාම්පු,වාහන වල විදුලි ලාම්පු එළි දීප්තියෙන් බබලන්නෙ ඇස් සිනාසෙන්නාක් මෙනි
පුන්සඳ රෑට ඇවිදින් හේනේ කළුව බිඳ,Pun Sanda Rata Awidin Heene Kaluwa Binda,නිරෝෂා විරාජිනි,Nirosha Wirajini,රත්න ශ්‍රී විජේසිංහ,Rathna Sri Wijesinghe,ඔස්ටින් මුණසිංහ,Ostin Munasinghe,"පුන්සඳ රෑට ඇවිදින් හේනේ කළුව බිඳ..

රන්කෙදි සේම රන්වන් ඉරිගු සිඹිනවාද..
තුන්යම හීන දැක දැක මොටදැයි ගෙදර හිද..
රන්කද තාම පැල් රකිනවාදෝ නිදි නැතිව..

නිල් තරු රෑන ඉඟි බිඟි පාන අහස යට..
පිල්කඩ උඩම ඇලවී ඉන්න හිතයි මට..
මී අඹ කන්න ගිරවුනි එන්න එපා හෙට..
මල් පිපුනාට ගෙඩි නෑ තාම අඹ ගහට...

රන් කඳ සේම පින්සර මාගේ ඇතු නිදන..
රන් මල් යාන හීනෙන් දකින පින පමණ..
තුන්පත් රෑන වේදෝ කොහොම අප දෙදෙන..
රන් කැටි පුතුට ඉඩ මදි වාද මගෙ යහන...",රන්කෙදි සේම රන්වන් ඉරිගු,රන්කෙඳි,ඉරිඟු,බඩ ඉරිඟු රන් කෙඳි සේ සිහින් ලස්සනයි
හමුවි මා එදා විමසුවා,Hamuwee Ma Eda Wimasuwa,ආත්මා ලියනගේ,Athma Liyanage,කුමාරි ලංකාව,Kumari Lankawa,ආත්මා ලියනගේ,Athma Liyanage,"හමුවි මා එදා විමසුවා සැනසුනා

මා හදේ කුමාරී සැඟවුනා
ඈ පහනකී මා දිවිමගේ
එළිය දී විහිදෙනා
ඈ නෙතු සළා මා හදවතේ
සතුට දී හිනැහුනා
ඈ කුසුමකී මා දිවිමගේ
සුවඳ දී විසිරෙනා
මා සෙනෙහසේ ඈ කිමිදිලා
හදවතේ පෙලෙනවා",ඈ පහනකී මා දිවිමගේ,පහන,ඈ,ඈ මාගේ දිවිය ආලෝකමත් කරන පහනක් මෙනි